Kata Unik,Frekuensi
yang,1251
dan,1188
di,1140
ini,620
dengan,589
dari,584
untuk,528
dalam,428
itu,424
pada,402
juga,388
tidak,384
akan,320
menjadi,293
ke,290
tersebut,284
kami,267
indonesia,253
rupiah,240
bisa,220
pemain,215
lebih,213
saya,212
sudah,209
purbaya,205
sebagai,204
keuangan,183
gol,176
ada,176
tahun,168
saat,161
tim,160
jakarta,157
hingga,151
mereka,150
satu,148
kita,148
harus,145
karena,145
emas,142
menteri,140
adalah,138
suahasil,137
jadi,137
kepada,132
masih,131
atau,128
oleh,127
hari,122
negara,121
bagi,117
kata,117
laga,117
baru,113
dua,112
dia,112
pertandingan,108
telah,107
kementerian,107
selasa,107
harga,105
serta,104
hanya,103
setelah,102
sementara,101
secara,100
baik,99
dapat,98
ia,98
musim,97
sama,95
september,95
banyak,92
belum,92
tapi,91
sangat,91
hal,88
bahwa,87
para,87
melalui,86
terhadap,86
dilakukan,86
proses,86
miliar,83
seperti,83
liga,83
sekitar,81
pemerintah,81
ujar,81
wib,80
besar,80
atas,79
per,79
terus,78
menit,76
salah,75
dunia,74
bukan,72
kali,72
empat,72
selama,72
pelatih,72
pasar,72
memberikan,72
kebijakan,71
kemudian,71
mengatakan,71
kondisi,70
vs,70
video,70
memiliki,70
lalu,69
menkeu,68
menjaga,68
posisi,68
pt,67
united,67
lain,67
kedua,67
melakukan,67
lagi,66
namun,66
bagian,66
atlet,66
mendapatkan,66
mencapai,66
bermain,65
bola,65
depan,65
presiden,65
anak,64
sesuai,64
tetap,64
manchester,64
ya,63
pertama,63
sejak,63
seluruh,62
triliun,62
apa,62
usaha,62
ingin,61
kembali,60
cup,60
merupakan,60
mulai,60
poin,59
madrid,59
antara,59
nasional,59
prabowo,58
city,58
perusahaan,58
saham,58
punya,57
penting,57
industri,57
awal,57
ekonomi,57
kemenangan,57
sekaligus,56
tengah,56
kebutuhan,56
orang,56
tiga,55
tetapi,55
memastikan,55
jabatan,55
sebelumnya,55
masyarakat,55
menang,55
utama,54
beras,54
simak,54
terakhir,54
timnas,53
gram,53
senin,53
berbagai,53
liverpool,53
memperkuat,53
kerja,52
usai,52
sejumlah,52
merah,51
fifa,51
setiap,51
beberapa,51
baca,51
hasil,51
berada,51
waktu,51
begitu,50
fiskal,50
berdasarkan,50
sektor,50
arsenal,50
saja,49
sebesar,48
juta,48
nilai,48
akhir,48
agar,48
lawan,48
pfa,48
sempat,47
bersama,47
langsung,47
terjadi,47
masuk,47
investasi,46
benar,46
sepakbola,46
membuat,46
terima,46
perlu,46
rumah,46
pun,46
program,46
nazara,45
league,45
semakin,45
pertumbuhan,45
terkait,45
memang,45
al,44
acd,44
kalau,44
layanan,44
pelanggan,43
proyek,43
sebelum,43
resmi,43
pusat,43
pertamina,43
pengembangan,43
internasional,43
membawa,43
semua,43
kini,42
pekan,42
mau,42
direktur,42
fortifikasi,42
lainnya,42
menegaskan,42
kemenkeu,42
tottenham,42
jika,41
perdagangan,41
level,41
mendukung,40
barcelona,40
tampil,40
menghadapi,40
sampai,40
menilai,40
sekali,40
juara,40
penyelesaian,40
pelajar,40
konsumen,39
lapangan,39
berjalan,39
mencetak,39
naik,39
badan,39
kalah,39
umum,39
jelas,39
kesempatan,38
informasi,38
ketika,38
sadewa,38
masa,38
kemampuan,37
ujarnya,37
inggris,37
bisnis,37
menurut,37
rabu,37
the,37
foto,37
kepala,37
persib,36
dki,36
langkah,36
anda,36
menjabat,36
lima,36
tercatat,36
transaksi,36
produksi,36
asean,36
luar,35
apbn,35
haaland,35
menyebut,35
turun,35
babak,35
real,35
yudhi,35
perubahan,35
cukup,35
pihak,35
berlangsung,35
soal,35
meraih,34
jepang,34
memenuhi,34
berhasil,34
keterangan,34
mampu,34
ketentuan,34
maupun,34
bonus,34
meski,34
keputusan,33
sedang,33
termasuk,33
piala,33
as,33
klub,33
aff,33
lini,33
games,33
bea,33
dukungan,33
kg,33
dikutip,32
bulan,32
potensi,32
asian,32
pajak,32
kan,32
melawan,32
membantu,32
mana,32
meningkatkan,32
kualitas,32
oktober,32
mu,32
dirinya,32
ketua,32
sehingga,32
cepat,32
penuh,31
ketiga,31
stadion,31
barang,31
energi,31
pernah,31
tahu,31
kantor,31
total,31
antam,31
daya,31
meminta,30
panjang,30
cukai,30
akhirnya,30
pengalaman,30
selalu,30
barat,30
selain,30
menyampaikan,30
bertahan,30
minyak,30
bikin,30
sisi,30
medali,30
wakil,29
rata,29
perlindungan,29
ekosistem,29
berharap,29
berbeda,29
produk,29
papua,29
upaya,29
group,29
kapal,29
nama,29
ungkap,29
sebanyak,29
menurutnya,29
mengalami,29
bumn,29
operasional,29
pak,28
pelaku,28
penerimaan,28
danantara,28
peluang,28
champions,28
turut,28
herdman,28
terbaik,28
negeri,28
nelayan,28
mudah,28
sepanjang,28
global,28
melihat,28
serah,28
sendiri,28
manajer,28
periode,28
john,28
yakni,28
adhi,28
sebuah,27
tadi,27
gagal,27
berusia,27
olahraga,27
cedera,27
us,27
media,27
kinerja,27
skor,27
skuad,27
ojk,27
strategis,27
lewat,26
jasa,26
lokasi,26
jauh,26
korban,26
kota,26
seoul,26
lihat,26
pejabat,26
carrick,26
motogp,26
dini,26
perjalanan,26
jenderal,26
perseroan,26
uang,26
tanpa,26
memimpin,26
persiapan,26
mungkin,26
klasemen,26
pengelolaan,26
masing,26
menerima,25
masalah,25
digelar,25
putri,25
pukul,25
belakang,25
biaya,25
tentu,25
menunjukkan,25
kolaborasi,25
utang,25
situasi,25
muda,25
dilantik,25
idzes,24
timnya,24
sang,24
tujuh,24
manfaat,24
angka,24
selatan,24
inter,24
paling,24
rasa,24
bursa,24
berikutnya,24
lanjut,24
pasokan,24
unit,24
premier,24
man,24
mendorong,24
investor,24
jumlah,24
ajang,23
stasiun,23
boleh,23
sekarang,23
sumber,23
lembaga,23
pensiun,23
pengusaha,23
menjelaskan,23
lng,23
dony,23
persoalan,23
persen,23
cuma,23
kewajiban,23
tbk,23
target,23
koordinasi,23
kilogram,23
uln,23
fc,23
bagus,23
subianto,23
bp,23
fokus,23
mendapat,23
messi,23
putih,23
ruang,23
pergantian,22
mengenai,22
tingkat,22
kebobolan,22
sebagian,22
kiper,22
tertulis,22
dolar,22
persija,22
pertahanan,22
jaringan,22
dinilai,22
ihsg,22
detikcom,22
standar,22
diselesaikan,22
inka,22
china,22
kemarin,22
bbm,22
diduga,22
selanjutnya,22
bergerak,22
ribu,22
modal,22
mata,22
nanti,22
bank,21
seharusnya,21
maaf,21
kendaraan,21
terutama,21
membeli,21
memenangi,21
permainan,21
hotspur,21
nomor,21
timah,21
amran,21
de,21
listrik,21
como,21
prestasi,21
hak,21
kompetisi,21
bahlil,21
latihan,21
buat,21
mall,20
bawah,20
segera,20
wilayah,20
garuda,20
gawang,20
jay,20
sassuolo,20
basket,20
belanja,20
berlaku,20
mengaku,20
teknologi,20
pedagang,20
carabao,20
cara,20
rin,20
fasilitas,20
ri,20
aktivitas,20
ballon,20
lapak,20
or,20
setahun,20
siap,20
ara,20
tuan,20
fdl,20
membuka,20
persero,20
trans,19
apresiasi,19
rapat,19
rantai,19
shinta,19
ton,19
kasih,19
karakter,19
selesai,19
pendapatan,19
tambahan,19
apakah,19
menuju,19
menyelesaikan,19
bagaimana,19
juventus,19
sedangkan,19
images,19
imbang,19
dekat,19
gabriel,19
diberikan,19
keluar,19
sepak,19
mencatatkan,19
minggu,19
profesional,19
pemulihan,19
pembinaan,19
milan,19
metro,19
bei,19
putra,19
anggota,19
lama,19
sertijab,19
mrp,19
diperkirakan,19
main,19
penyelenggara,19
sedikit,19
michael,18
penipuan,18
karya,18
mencatat,18
senior,18
dasar,18
bapak,18
tinggi,18
menguat,18
tepat,18
menjalani,18
mengambil,18
dulu,18
pembangunan,18
richarlison,18
mitra,18
aku,18
grup,18
marquez,18
mengikuti,18
jelasnya,18
data,18
esports,18
membangun,18
akibat,18
komunikasi,18
sistem,18
bandung,18
raw,18
mbappe,18
arab,18
bahkan,18
serangan,18
risiko,18
motor,18
mourinho,18
bakal,18
menambahkan,18
aman,17
zerbi,17
sekadar,17
kurang,17
kekalahan,17
menghadirkan,17
aspek,17
jadwal,17
jangan,17
jangka,17
yaitu,17
nassr,17
tanggal,17
meningkat,17
bersih,17
kandang,17
daerah,17
kesehatan,17
perombakan,17
membutuhkan,17
siapa,17
memilih,17
chelsea,17
pembayaran,17
mencari,17
kualifikasi,17
cas,17
serie,17
final,17
kepercayaan,17
melanjutkan,17
satunya,17
sebenarnya,17
saudi,17
selisih,17
plts,17
timur,17
asal,17
terlalu,17
krs,17
kawasan,17
keunggulan,16
padahal,16
niaga,16
datang,16
acara,16
tertinggi,16
bandara,16
spanyol,16
emil,16
melemah,16
fisik,16
patra,16
tegas,16
kepastian,16
katanya,16
bek,16
eko,16
berkembang,16
pekerjaan,16
ain,16
insiden,16
mantan,16
berat,16
bahan,16
berakhir,16
bentuk,16
tumbuh,16
merasa,16
malaysia,16
bay,16
peningkatan,16
satgas,16
tutup,16
tutur,16
internal,16
ditanya,16
betul,16
kuat,16
perbaikan,16
tambah,16
dowman,16
kejuaraan,16
sejarah,16
keduanya,16
jalan,16
jawa,16
yakin,15
keempat,15
perhatian,15
bangunan,15
generasi,15
tempat,15
lrt,15
tentang,15
dibandingkan,15
pengawasan,15
coutinho,15
disebut,15
dipecat,15
nagoya,15
mencakup,15
memulai,15
thailand,15
dana,15
yna,15
knmp,15
sebab,15
chandra,15
bekerja,15
top,15
provinsi,15
tantangan,15
asri,15
kenaikan,15
roma,15
rodri,15
domestik,14
lolos,14
performa,14
sehat,14
pertambangan,14
adapun,14
persaingan,14
daftar,14
maksimal,14
lah,14
tiba,14
freeport,14
malam,14
kartu,14
unggul,14
merek,14
hadir,14
anggaran,14
kepemimpinan,14
pungkasnya,14
mandiri,14
mobil,14
enam,14
momentum,14
gelandang,14
tekanan,14
el,14
reuters,14
rekor,14
komitmen,14
camp,14
kredibilitas,14
harapan,14
biasa,14
pemeriksaan,14
penanganan,14
diterima,14
positif,14
kegiatan,14
menyiapkan,14
kalinya,14
penguatan,14
percaya,14
demi,14
delapan,14
memen,14
olimpiade,14
menciptakan,14
sini,14
kelola,14
argentina,14
ronaldo,14
arahan,14
butuh,14
bpn,14
adanya,13
perkembangan,13
menggantikan,13
dpr,13
publik,13
pu,13
penurunan,13
penjualan,13
peraturan,13
alti,13
perekonomian,13
pertamanya,13
penampilan,13
peserta,13
sosial,13
pssi,13
pelantikan,13
kabupaten,13
pekerja,13
stadium,13
martin,13
terlihat,13
tidur,13
ega,13
berlaga,13
disiplin,13
pasti,13
sosok,13
senang,13
panas,13
tata,13
balapan,13
bambang,13
qodari,13
kamu,13
kamis,13
kenapa,13
terdapat,13
pagi,13
kenneth,13
berkelanjutan,13
singapura,13
offside,13
memainkan,13
komoditas,13
kontrak,13
berkaitan,13
elche,13
arah,13
memperoleh,13
kerugian,13
kesalahan,13
lanjutan,13
jalur,13
jeda,12
ganda,12
rencana,12
teknis,12
atap,12
era,12
berikut,12
ilegal,12
khususnya,12
setara,12
icomex,12
berkomitmen,12
hns,12
amorim,12
tahunan,12
aksi,12
aturan,12
milik,12
fernandez,12
sambil,12
semester,12
kira,12
liburan,12
gelora,12
seorang,12
ahi,12
bakat,12
rahimi,12
infrastruktur,12
organisasi,12
dianggap,12
penindakan,12
rayo,12
efektif,12
setelahnya,12
dimainkan,12
dilansir,12
nya,12
idola,12
mengembangkan,12
menjalankan,12
pembelian,12
prioritas,12
mengakui,12
mancing,12
via,12
lamine,12
menggelar,12
gedung,12
dmo,12
bendahara,12
gelar,12
lionel,12
yamal,12
sana,12
pegawai,12
diharapkan,12
pangan,12
kehilangan,12
menjamu,12
tenang,12
foden,12
asing,12
figur,12
keras,12
pb,12
jawab,11
yudo,11
jam,11
perjuangan,11
ipswich,11
sejauh,11
kylian,11
la,11
dipastikan,11
regulasi,11
asuransi,11
khusus,11
keluarga,11
buka,11
alasan,11
demikian,11
penyerang,11
defisit,11
keterangannya,11
eropa,11
mulyani,11
mempertahankan,11
pesepakbola,11
mengoptimalkan,11
perak,11
peran,11
sejalan,11
dembele,11
batu,11
opsi,11
fulham,11
supaya,11
selaku,11
desa,11
beregu,11
penyerahan,11
djaka,11
mengungkap,11
indeks,11
distribusi,11
tinggal,11
sampah,11
makassar,11
maka,11
kiri,11
teman,11
portofolio,11
akses,11
kanal,11
los,11
disampaikan,11
sabtu,11
usia,11
kunci,11
bung,11
nusantara,11
kepabeanan,11
dimulai,11
terbuka,11
terbesar,11
tugas,11
semuanya,11
menemukan,11
koperasi,11
sl,11
transisi,11
puncak,11
digital,11
bioetanol,11
carnet,11
sri,11
selamat,11
merebut,11
menyatakan,11
pemegang,11
herindra,11
pelayanan,11
prerogatif,11
ptba,11
pasok,11
var,11
digunakan,11
tampak,11
bantuan,11
akademi,11
pegadaian,11
daripada,11
talenta,11
gallagher,11
mengalahkan,11
ii,11
tulis,11
kabinet,11
menghasilkan,11
terukur,11
kelompok,11
sebut,11
diri,11
kereta,11
peringkat,11
jabatannya,11
dampak,11
titel,10
italia,10
lampung,10
menggunakan,10
kek,10
hidup,10
ketahanan,10
bara,10
gas,10
london,10
gakpo,10
game,10
wartawan,10
ikut,10
market,10
instagram,10
lingkungan,10
subsidi,10
marc,10
flick,10
beliau,10
ditemukan,10
menyambut,10
strategi,10
pro,10
prasetyo,10
bidang,10
antrean,10
sempurna,10
efek,10
finis,10
hipmi,10
catatan,10
digantikan,10
asosiasi,10
komisi,10
spbu,10
berarti,10
karno,10
mendatang,10
sembari,10
tembaga,10
arteta,10
hampir,10
asia,10
pengawas,10
pipa,10
kpk,10
mimpi,10
mineral,10
diketahui,10
juli,10
mac,10
super,10
justru,10
kabar,10
insurance,10
penggemar,10
desember,10
pihaknya,10
rangkaian,10
buy,10
operasi,10
memasuki,10
fam,10
hukum,10
terbaru,10
atr,10
diminta,10
memberi,10
short,10
si,10
deny,10
mengelola,10
mengeluarkan,10
sehari,10
besaran,10
mengucapkan,10
terintegrasi,10
rkab,10
ibu,10
momen,10
ingat,10
seri,10
moto,10
reshuffle,10
respons,10
sidang,10
erick,10
esi,10
setan,10
laba,10
petugas,10
mengoleksi,10
allister,10
xurya,10
wolfgang,10
warga,10
pers,10
zona,10
jelang,9
jenis,9
wajib,9
wasit,9
roberto,9
motivasi,9
tujuan,9
kelas,9
layak,9
penyelenggaraan,9
lpg,9
syarat,9
ditarik,9
rendah,9
rice,9
tony,9
kekuatan,9
trofi,9
muncul,9
menyerang,9
menyoroti,9
ditetapkan,9
restitusi,9
baku,9
batang,9
perwakilan,9
pikir,9
penutupan,9
bicara,9
ref,9
nou,9
rencananya,9
to,9
keseluruhan,9
raya,9
red,9
mengganggu,9
dortmund,9
keadaan,9
nyata,9
terasa,9
sekolah,9
optimal,9
mengapresiasi,9
mengawal,9
duel,9
mengamankan,9
time,9
caicedo,9
berlanjut,9
thohir,9
menargetkan,9
menarik,9
spurs,9
markas,9
belajar,9
penonton,9
pentingnya,9
pintu,9
sugbk,9
berjuang,9
berikan,9
mempersiapkan,9
sering,9
erling,9
membela,9
pound,9
pelaksanaan,9
kompetitif,9
kompleks,9
benzema,9
sports,9
agustus,9
pengaturan,9
audero,9
singleton,9
sisa,9
pembiayaan,9
akun,9
evaluasi,9
everton,9
assist,9
ata,9
konferensi,9
habis,9
dibawa,9
pokok,9
memahami,9
koper,9
korea,9
varnion,9
aichi,9
kalian,9
solusi,9
mekanisme,9
pencarian,9
pendidikan,9
pemenuhan,9
kontra,9
whoosh,9
tanah,9
januari,9
itulah,9
hyrox,9
gangguan,9
percepatan,9
tamu,9
tukar,8
disiapkan,8
lokal,8
debottlenecking,8
penyimpanan,8
perunggu,8
swasta,8
menyusun,8
porprov,8
pendek,8
perolehan,8
west,8
pertanahan,8
gaya,8
iwf,8
model,8
merugikan,8
brighton,8
bogor,8
anfield,8
town,8
blaugrana,8
memanfaatkan,8
kontribusi,8
kopdes,8
fase,8
melakukannya,8
melansir,8
kelancaran,8
mt,8
muhammad,8
san,8
regional,8
diperkuat,8
dipersiapkan,8
angkat,8
untung,8
asuhan,8
konektivitas,8
guys,8
praktik,8
tingginya,8
tipis,8
malah,8
corporate,8
sunderland,8
latih,8
sarjito,8
iin,8
ikan,8
turnamen,8
nasabah,8
mental,8
nominasi,8
normal,8
dicopot,8
center,8
psim,8
didukung,8
sinergi,8
matchday,8
agenda,8
pengecekan,8
mauhau,8
kotak,8
grain,8
serikat,8
bergabung,8
pria,8
kapasitas,8
memetik,8
espanyol,8
terlebih,8
dinyatakan,8
antaranya,8
berupa,8
menimbulkan,8
segala,8
segalanya,8
on,8
ran,8
dokumen,8
seiring,8
dprd,8
of,8
memutuskan,8
pulang,8
parlemen,8
menambah,8
kobel,8
koki,8
bertemu,8
ketenagakerjaan,8
manajemen,8
derby,8
jona,8
jorge,8
jose,8
vietnam,8
penghargaan,8
semangat,8
tersedia,8
axcr,8
belitung,8
starter,8
pengisian,8
ekspor,8
ramos,8
otoritas,8
ducati,8
selling,8
dugaan,8
head,8
ardiles,8
dijadwalkan,8
dijual,8
racing,8
mencoba,8
ekspansi,8
industropolis,8
karim,8
izin,8
iraola,8
istana,8
kemungkinan,8
meyakinkan,8
tugu,8
modern,8
barca,8
barel,8
pertanian,8
pertemuan,8
pergerakan,8
balik,8
pernyataan,8
bangladesh,7
tanggung,7
persetujuan,7
garam,7
bareng,7
szoboszlai,7
hrp,7
id,7
motorsport,7
miskin,7
minta,7
mimika,7
transformasi,7
hubungan,7
absen,7
jajaran,7
jakbar,7
zulhas,7
in,7
implementasi,7
kasus,7
karier,7
inet,7
menepis,7
efektivitas,7
keuntungan,7
tht,7
berpotensi,7
mengejar,7
oskaria,7
cabang,7
bersaing,7
apalagi,7
henry,7
makin,7
surat,7
marino,7
football,7
co,7
pengiriman,7
start,7
menangi,7
dikenal,7
dikembangkan,7
indah,7
gordon,7
teratas,7
terangnya,7
virgo,7
joao,7
afc,7
dpum,7
terkoreksi,7
hansi,7
tertentu,7
pasalnya,7
pur,7
memungkinkan,7
sertifikasi,7
serang,7
serahkan,7
sepakan,7
nyaman,7
keberlanjutan,7
keamanan,7
udinese,7
sebagaimana,7
mengingat,7
menghubungkan,7
recovery,7
ratusan,7
buruh,7
mengurangi,7
djbc,7
mengumumkan,7
besok,7
berusaha,7
kesejahteraan,7
keseimbangan,7
ditutup,7
dinamika,7
net,7
aset,7
memenangkan,7
membayar,7
berhak,7
alias,7
signifikan,7
setinggi,7
mempertemukan,7
berhenti,7
awak,7
diarahkan,7
volume,7
podium,7
benfica,7
ntn,7
meninggalkan,7
meninggal,7
bibit,7
mentah,7
menjelang,7
nantinya,7
kebiasaan,7
nino,7
laut,7
lantas,7
conor,7
tahap,7
teknik,7
lakukan,7
beban,7
hitung,7
kepentingan,7
pembangkit,7
pratama,7
dibangun,7
konsisten,7
koni,7
urusan,7
alam,7
kampung,7
pembentukan,7
pembenahan,7
berdampak,7
trader,7
dipercaya,7
menurunkan,7
menunggu,7
menyesuaikan,7
sanksi,7
direktorat,7
director,7
cmry,7
berasal,7
injury,7
air,7
vallecano,7
smra,7
tercipta,7
gubernur,7
sky,7
pembeli,7
blancos,7
andi,7
trias,7
bold,7
rincian,7
bruto,7
bruno,7
riders,7
rider,7
bmks,7
world,7
isu,7
kontainer,7
skema,7
situs,7
penalti,7
pendekatan,7
popprov,7
susunan,7
peralihan,7
peraih,7
debut,7
perdana,7
logistik,7
getty,7
mikel,7
istimewa,6
life,6
dahulu,6
perlengkapan,6
tanding,6
kemitraan,6
transmart,6
transport,6
disalin,6
disapa,6
sam,6
metode,6
diraih,6
tangan,6
perencanaan,6
cristiano,6
penyelamatan,6
penyelundupan,6
takaran,6
taktik,6
taman,6
an,6
analisis,6
tua,6
kelautan,6
ruben,6
rugi,6
menyusul,6
merespons,6
coo,6
complex,6
pindah,6
taufik,6
tautan,6
laporan,6
kursi,6
dipilih,6
ribuan,6
riil,6
andalan,6
kendala,6
honda,6
dirancang,6
kustodi,6
telak,6
telepon,6
tenaga,6
laliga,6
lubang,6
gabungan,6
sulit,6
tuturnya,6
kejadian,6
igo,6
mro,6
menyeluruh,6
formal,6
fp,6
international,6
jual,6
judi,6
striker,6
development,6
dewan,6
pengurus,6
pfi,6
pindar,6
pinjol,6
coba,6
cody,6
marciano,6
fleksibilitas,6
fondasi,6
suka,6
bukti,6
budi,6
nah,6
ang,6
topi,6
kredit,6
aula,6
tentunya,6
stabil,6
stabilitas,6
beli,6
suara,6
suatu,6
hki,6
sasaran,6
tumbang,6
sport,6
com,6
jumat,6
uu,6
diatur,6
penerapan,6
matias,6
diamankan,6
menjual,6
ditjen,6
bezzecchi,6
biasanya,6
november,6
nre,6
relatif,6
relevan,6
next,6
trafford,6
pengeluaran,6
pengembalian,6
venue,6
kala,6
mega,6
pendanaan,6
penempatan,6
pembukaan,6
pemecatan,6
melonjak,6
konsistensi,6
guna,6
terbukti,6
anis,6
hilirisasi,6
kesinambungan,6
besarnya,6
mengumpulkan,6
mengungkapkan,6
berturut,6
berubah,6
beruntun,6
bioethanol,6
omada,6
online,6
tni,6
pencapaian,6
pola,6
pramono,6
chivu,6
premium,6
berbicara,6
melaju,6
fernandes,6
euro,6
pemberian,6
usahanya,6
akrab,6
utara,6
inisiatif,6
keberhasilan,6
dimiliki,6
seberapa,6
ketat,6
ketidakpastian,6
apabila,6
old,6
produktivitas,6
pemanfaatan,6
pelabuhan,6
pelanggaran,6
president,6
asisten,6
komersial,6
halaman,6
mengantarkan,6
ounces,6
pacific,6
ossy,6
quartararo,6
dpd,6
albion,6
alexis,6
alih,6
unggahan,6
unggulan,6
india,6
fabregas,6
membiarkan,6
membuatnya,6
mengangkat,6
aplikasi,6
harusnya,6
hasilnya,6
beroperasi,6
semoga,6
menekan,6
menelan,6
api,6
terkena,6
memperkecil,6
memperkirakan,6
memperluas,6
end,6
enzo,6
memengaruhi,6
previous,6
prima,6
umpan,6
undang,6
pula,6
dikabarkan,6
pantauan,6
radio,6
raihan,6
raja,6
rally,6
cadangan,6
menempatkan,6
menentukan,6
seleksi,6
prosedur,6
puring,6
putaran,6
parma,6
partai,6
elpiji,6
artikel,6
artinya,6
tertinggal,6
senayan,6
berlatih,6
eksekutif,6
karbon,6
sembilan,6
harapkan,6
sepenuhnya,6
berkoordinasi,6
sesi,6
mempertimbangkan,6
menerapkan,6
wali,6
likuiditas,6
lintas,6
lintasan,6
permintaan,6
academy,6
moeharmein,6
houssine,6
peresmian,6
personal,6
perbankan,6
legends,6
accident,6
rival,5
meskipun,5
mewujudkan,5
middlesbrough,5
gantikan,5
gaji,5
peredaran,5
cross,5
crystal,5
perangkat,5
susah,5
baron,5
contoh,5
ana,5
kelebihan,5
brasil,5
area,5
thibaut,5
paes,5
hardiyanto,5
harupat,5
terpaksa,5
terpilih,5
mencegah,5
sep,5
berjualan,5
berkat,5
mempunyai,5
puas,5
jalak,5
tahunnya,5
istirahat,5
menendang,5
puluhan,5
pastikan,5
paul,5
card,5
pasangan,5
tertahan,5
kios,5
menerbitkan,5
mendadak,5
mendampingi,5
dihadapi,5
dihadiri,5
ptfi,5
kariernya,5
twitter,5
mengakhiri,5
apindo,5
tiket,5
kewenangan,5
hebat,5
bermasalah,5
menekankan,5
kok,5
kolam,5
bergurau,5
berhadapan,5
panggung,5
dijelaskan,5
dikalahkan,5
rallycross,5
edgar,5
otot,5
ott,5
pa,5
buyback,5
by,5
byan,5
operasionalisasi,5
mengatasi,5
selat,5
aliran,5
kapten,5
memotivasi,5
mempercepat,5
membukukan,5
terlibat,5
klaim,5
ucl,5
uefa,5
keberangkatan,5
nyenyak,5
oke,5
sebulan,5
kesulitan,5
pemagangan,5
dicetak,5
didirikan,5
didorong,5
komentar,5
komisioner,5
komite,5
undangan,5
tindak,5
berbasis,5
memadai,5
sih,5
hambatan,5
sirkuit,5
sisanya,5
akd,5
akhmad,5
utamanya,5
europa,5
aston,5
komprehensif,5
komunitas,5
produktif,5
race,5
rachel,5
buruk,5
raymond,5
realisasi,5
bungur,5
reds,5
mengingatkan,5
menguasai,5
bertambah,5
bertandang,5
bertanding,5
mengevaluasi,5
menggandakan,5
penandatanganan,5
pojok,5
pp,5
pembahasan,5
melamun,5
melengkapi,5
febi,5
federasi,5
pendukung,5
pemerintahan,5
penambahan,5
smelter,5
gunners,5
anl,5
keselamatan,5
berupaya,5
besi,5
djuanda,5
dkk,5
onside,5
birokrasi,5
ditingkatkan,5
bi,5
netizen,5
neymar,5
dividen,5
ajax,5
kamdani,5
pon,5
pondok,5
citizens,5
smv,5
solid,5
berani,5
berapa,5
sop,5
kehadiran,5
tuntas,5
ambil,5
nangka,5
nasib,5
dipakai,5
bimo,5
blak,5
masyhud,5
penggunaan,5
institusi,5
penerima,5
pengajuan,5
fia,5
mati,5
terealisasi,5
amerika,5
toyota,5
angkatan,5
grand,5
kuartal,5
tepatnya,5
martinez,5
masalahnya,5
sorotan,5
su,5
spbe,5
kepengurusan,5
kerap,5
tiongkok,5
kecelakaan,5
kecil,5
vinicius,5
status,5
kurasa,5
pengujian,5
coach,5
manufaktur,5
begini,5
kredibel,5
blakan,5
diperbaiki,5
bulanan,5
republik,5
buang,5
diperdagangkan,5
diperiksa,5
ambisius,5
kejutan,5
kelakar,5
multi,5
mumpuni,5
santander,5
menyasar,5
menyediakan,5
ditunjuk,5
mentan,5
merk,5
sulawesi,5
manggarai,5
for,5
penyebab,5
vickery,5
villa,5
munich,5
mutmainnah,5
diproyeksikan,5
rentan,5
rio,5
hormuz,5
kent,5
bayern,5
surabaya,5
surya,5
beda,5
tarik,5
basarnas,5
gabung,5
sulaiman,5
bludebit,5
rti,5
diserahterimakan,5
ruiz,5
menyukai,5
hove,5
country,5
courtois,5
phil,5
pic,5
pilihan,5
penumpang,5
penundaan,5
bawahnya,5
lantai,5
saing,5
boaz,5
administrasi,5
general,5
tambang,5
bangkit,5
bangkok,5
bangsa,5
banjarmasin,5
action,5
perpanjangan,5
dapatkan,5
yoy,5
abadi,5
jaminan,5
transparan,5
rumahnya,5
minum,5
java,5
xii,5
mncn,5
kelurahan,5
leverkusen,5
pertanyaan,5
david,5
perhitungan,5
perhubungan,5
persebaya,5
persyaratan,5
petrokimia,5
perbedaan,5
bangga,5
legenda,5
lemah,5
yuan,4
dampaknya,4
percasi,4
coventry,4
demutualisasi,4
perumahan,4
conference,4
pilot,4
pimpinan,4
deportivo,4
adrianto,4
jonathans,4
vice,4
devils,4
pengumuman,4
pengunjung,4
desil,4
destinasi,4
lt,4
ltd,4
tabung,4
takraw,4
liter,4
gani,4
gara,4
garcia,4
loan,4
logam,4
bali,4
ban,4
bang,4
tangkis,4
lengkap,4
geopolitik,4
balap,4
lucas,4
fundamental,4
gading,4
madu,4
madura,4
sumo,4
bawa,4
lantaran,4
lapis,4
lebah,4
tanda,4
tangerang,4
long,4
lorong,4
lps,4
majeure,4
makan,4
makna,4
frekuensi,4
malas,4
mamardashvili,4
bebas,4
temuan,4
gibran,4
giliran,4
gizi,4
tc,4
team,4
baggott,4
tegasnya,4
bakar,4
mapei,4
fokusnya,4
maret,4
margin,4
sudut,4
force,4
manis,4
studio,4
kuota,4
goal,4
golnya,4
goncalo,4
tembakan,4
ayahnya,4
ayam,4
bayang,4
melainkan,4
beragam,4
matang,4
match,4
material,4
fifty,4
terdiri,4
korupsi,4
austria,4
staf,4
marmoush,4
maroef,4
soufiane,4
sp,4
spare,4
manuel,4
membahas,4
membalas,4
melantik,4
melibatkan,4
fauzi,4
situasinya,4
sjh,4
kontinuitas,4
koordinator,4
terbaiknya,4
tercapai,4
atletico,4
sorgum,4
mayoritas,4
mcy,4
melahirkan,4
tergantung,4
silva,4
simeone,4
singkat,4
beredar,4
membawanya,4
event,4
ataupun,4
koneksi,4
konkret,4
skuadnya,4
berbelanja,4
meluncurkan,4
memaksimalkan,4
memancing,4
memanen,4
bergulir,4
esdm,4
memperhatikan,4
sesko,4
sesuatu,4
exchange,4
eze,4
membelinya,4
membobol,4
membongkar,4
membuktikan,4
memecahkan,4
setidaknya,4
asistensi,4
hadi,4
tergabung,4
menawarkan,4
mencerminkan,4
sepekan,4
berjangka,4
seru,4
serupa,4
menandai,4
emisi,4
tertekan,4
hapus,4
koboi,4
berita,4
energy,4
enggan,4
entitas,4
mempertanyakan,4
bernilai,4
menembak,4
senilai,4
sentimen,4
efisiensi,4
eks,4
semacam,4
semata,4
arena,4
hargai,4
harganya,4
harianto,4
kisaran,4
terpenting,4
emiten,4
menangani,4
mengapa,4
mengarahkan,4
mengejutkan,4
segi,4
berorientasi,4
berprestasi,4
selepas,4
sell,4
meneruskan,4
dyah,4
east,4
sekalipun,4
tiang,4
khawatir,4
hatian,4
kilo,4
menghemat,4
dok,4
dominik,4
sebaik,4
menggagalkan,4
menggerakkan,4
ketertinggalan,4
hiburan,4
ketum,4
timika,4
antre,4
aph,4
tindakan,4
sekretaris,4
bersamaan,4
bersiap,4
ditinjau,4
big,4
bijih,4
sebabnya,4
menjadikan,4
diversifikasi,4
menjauh,4
santos,4
todotua,4
anjlok,4
kesepakatan,4
hilang,4
kesiapan,4
menguji,4
menikmati,4
beruntung,4
ditangani,4
dituro,4
diturunkan,4
menuntut,4
menurun,4
menutup,4
ditemui,4
ditentukan,4
menyamakan,4
menyapu,4
kepolisian,4
himpunan,4
sar,4
bilang,4
bintang,4
satuan,4
sambungnya,4
sambutannya,4
disesuaikan,4
miliano,4
ditargetkan,4
merasakan,4
saingan,4
saling,4
andoni,4
kena,4
kendati,4
hok,4
tower,4
block,4
blu,4
menyebutkan,4
bpp,4
mitsui,4
moch,4
dirilis,4
modifikasi,4
modus,4
houthi,4
training,4
trenggono,4
rumor,4
rumput,4
rx,4
borussia,4
mind,4
disahkan,4
disaksikan,4
kelapa,4
trisakti,4
mundo,4
rentang,4
ringan,4
dirasakan,4
anagata,4
tubuh,4
kelelahan,4
kelemahan,4
kelima,4
keliru,4
rojolele,4
romero,4
roro,4
bpi,4
dipandang,4
nathan,4
naturalisasi,4
negatif,4
bukanlah,4
resources,4
budhi,4
retail,4
revitalisasi,4
nakhoda,4
namanya,4
diperlukan,4
aminuddin,4
tv,4
kejar,4
kelahiran,4
nutrisi,4
dilanjutkan,4
regasifikasi,4
bulu,4
rekan,4
rekomendasi,4
nerazzurri,4
newcastle,4
news,4
ily,4
imbas,4
kegagalan,4
ikuti,4
kehati,4
kehidupan,4
nasser,4
panitia,4
dijalankan,4
ousmane,4
business,4
rasanya,4
optimisme,4
dilaksanakan,4
osorio,4
ucapnya,4
alternatif,4
alumni,4
alvaro,4
ukuran,4
keandalan,4
keberanian,4
kebetulan,4
promo,4
prosesnya,4
celine,4
purn,4
carlos,4
paris,4
part,4
induk,4
indy,4
karma,4
kas,4
ucap,4
dikelola,4
paman,4
panen,4
panik,4
pemangku,4
pemantauan,4
pemasaran,4
psg,4
didapat,4
didatangkan,4
pelan,4
alexander,4
alhasil,4
kapolri,4
pulau,4
pasukan,4
pdb,4
pdi,4
pebalap,4
produsen,4
pemecatannya,4
dibeli,4
pojk,4
cicilan,4
pembalap,4
pemberhentian,4
kanan,4
kans,4
unsur,4
unsustain,4
prix,4
cetus,4
peluncuran,4
pemainnya,4
dibutuhkan,4
dicek,4
uvcr,4
penentu,4
pengalamannya,4
diakses,4
dialami,4
diambil,4
pengelola,4
van,4
vasco,4
verifikasi,4
kadin,4
kahar,4
insentif,4
pool,4
cita,4
populasi,4
detik,4
pinjaman,4
pitojo,4
platform,4
pmk,4
pengendalian,4
pengganti,4
agresif,4
agung,4
agusman,4
vp,4
juru,4
instansi,4
instrumen,4
integritas,4
kabarnya,4
perkiraan,4
abal,4
acl,4
absennya,4
yaman,4
zein,4
jdt,4
ipad,4
iran,4
jejak,4
wietrzyk,4
ct,4
darurat,4
perikanan,4
peter,4
peternak,4
tambahkan,4
banking,4
gbla,4
list,4
james,4
jarak,4
itinerary,4
willem,4
wishlist,4
wujud,4
xi,4
adcp,4
perluasan,4
da,4
perpajakan,4
perkara,4
milwall,3
meyakini,3
mezzanine,3
disambut,3
wibowo,3
widya,3
adrian,3
jaga,3
jari,3
afiliasi,3
disumbangkan,3
disyaratkan,3
ditambah,3
ditampilkan,3
merson,3
mesin,3
mestinya,3
misano,3
iv,3
wayne,3
webb,3
wfo,3
wi,3
mls,3
meriam,3
merilis,3
diresmikan,3
modric,3
mohon,3
moises,3
moneter,3
mou,3
mudahan,3
muharrman,3
isi,3
iso,3
wacanakan,3
wadah,3
wajarnya,3
walsh,3
mutu,3
mv,3
diprediksi,3
diproses,3
nada,3
napoli,3
menyinggung,3
ditangkap,3
dipengaruhi,3
viral,3
agbonlahor,3
jfx,3
agrinas,3
vitamin,3
menyebabkan,3
menyenangkan,3
menyerahkan,3
ditepis,3
ditimbulkan,3
nilainya,3
no,3
non,3
nonsubsidi,3
norman,3
north,3
menuntaskan,3
menyadari,3
ditempati,3
nota,3
npwp,3
nugdha,3
variasi,3
vault,3
ahli,3
jiwa,3
joan,3
intensitas,3
diluncurkan,3
nur,3
nyaris,3
ditunjukkan,3
obi,3
oh,3
dilantiknya,3
juanda,3
validasi,3
dilihat,3
optimistis,3
menjelma,3
menjuarai,3
menonjol,3
diungkap,3
menjanjikan,3
ounce,3
out,3
pabrik,3
pabrikan,3
dikenakan,3
dikendalikan,3
alhamdulillah,3
unjuk,3
junior,3
institusional,3
aktif,3
alasannya,3
diubah,3
paha,3
pakai,3
pakansari,3
paket,3
palace,3
palacios,3
mengutip,3
panggilan,3
panpel,3
ulang,3
umkm,3
diisi,3
papan,3
papar,3
paparannya,3
paparnya,3
dihadirkan,3
dihitung,3
dihubungi,3
diikuti,3
paspor,3
pastinya,3
patokan,3
pattynama,3
pedro,3
kaiki,3
kajian,3
kalimantan,3
inklusif,3
allive,3
pegunungan,3
menghambat,3
diego,3
pelaporan,3
pemahaman,3
dramatis,3
menggelontorkan,3
pembatalan,3
diberi,3
mengembalikan,3
mengendalikan,3
mengetahui,3
menggabungkan,3
dibiarkan,3
dibilang,3
dibuat,3
inovasi,3
inews,3
tunggu,3
tunjangan,3
ambisi,3
dibuka,3
pemberitahuan,3
drone,3
dubai,3
duduk,3
mengedepankan,3
pemenang,3
pemetaan,3
pemusatan,3
triwulan,3
inilah,3
amunisi,3
ancol,3
and,3
tuban,3
mengatur,3
penambangan,3
penanggulangan,3
duluan,3
mengandalkan,3
menganggap,3
pencegahan,3
menetapkan,3
indikasi,3
individu,3
indramayu,3
industrialisasi,3
transparansi,3
travel,3
tren,3
mengajukan,3
penduduk,3
penegakan,3
menempa,3
edukasi,3
dibalas,3
penetapan,3
pengalihan,3
tools,3
kartini,3
kategori,3
kapan,3
pengambilan,3
pengangkatan,3
mendominasi,3
menduduki,3
menembus,3
diadakan,3
diakui,3
mendatangi,3
mendatangkan,3
mendekati,3
pengendali,3
penghematan,3
detikpagi,3
toko,3
mencapainya,3
mencermati,3
detiksepakbola,3
detiksport,3
dewi,3
pengolahan,3
pengumpulan,3
peninjauan,3
elektronik,3
elite,3
detikers,3
penunjukan,3
penyaluran,3
ilap,3
anyar,3
aparatur,3
tingkatkan,3
titik,3
depannya,3
der,3
penyedia,3
penyediaan,3
penyidikan,3
memutus,3
menabung,3
menaikkan,3
perawatan,3
perbaiki,3
aquilani,3
kebugaran,3
kecamatan,3
kdkmp,3
kdmp,3
kebakaran,3
eny,3
memproyeksikan,3
memudahkan,3
dedi,3
perempuan,3
perhitungannya,3
mempersembahkan,3
peristiwa,3
perkeretaapian,3
permohonan,3
permukiman,3
erat,3
dagangan,3
daging,3
dalamnya,3
kedalaman,3
kedudukan,3
arda,3
tiap,3
memegang,3
perpres,3
persentase,3
espi,3
esti,3
estimasi,3
pertahankan,3
creative,3
ikutin,3
keinginannya,3
terusir,3
terwujud,3
pertimbangan,3
pertukaran,3
perundang,3
membiayai,3
membina,3
petambak,3
petani,3
membanting,3
executive,3
membentuk,3
petinggi,3
picks,3
pikal,3
comeback,3
commercial,3
tersisa,3
tertawa,3
arun,3
arus,3
communication,3
communications,3
membaik,3
membantah,3
pinggir,3
pipeline,3
memasukkan,3
plta,3
pnbp,3
keluaran,3
hut,3
polri,3
polymer,3
memakai,3
clean,3
club,3
porsi,3
portman,3
favorit,3
februari,3
melintas,3
portugal,3
posisinya,3
potensial,3
potongan,3
pph,3
terletak,3
kemasan,3
aspal,3
aspirasi,3
termahal,3
termuda,3
melepas,3
melesat,3
melindungi,3
practice,3
prancis,3
presisi,3
pressing,3
cerita,3
ferdinan,3
melancarkan,3
championship,3
chaniago,3
produksinya,3
terjaring,3
terjebak,3
kemayoran,3
howard,3
hub,3
hull,3
kemenkop,3
asuhnya,3
asumsi,3
terjual,3
terkendali,3
terendah,3
kementan,3
kemiskinan,3
terindikasi,3
terjaga,3
mei,3
meladeni,3
fer,3
maung,3
maunya,3
cenderung,3
cepirit,3
psikologi,3
psm,3
psn,3
ferry,3
fi,3
finalisasi,3
financial,3
holding,3
holistik,3
terbit,3
tercermin,3
terdampak,3
atmosfer,3
pungutan,3
fitur,3
masukan,3
matahari,3
capaian,3
quality,3
rafael,3
marselino,3
rakerprov,3
rakyat,3
ramai,3
keping,3
terang,3
terarah,3
terbang,3
terbatas,3
rangka,3
fleksibel,3
marcus,3
butik,3
byrne,3
cabut,3
rasakan,3
rashford,3
bagaimanapun,3
tendangan,3
tenggara,3
himbara,3
hitungan,3
tenor,3
tentukan,3
australia,3
awalnya,3
recover,3
forum,3
marco,3
bundesliga,3
reformasi,3
foreign,3
bukaan,3
bull,3
bullion,3
bulog,3
technology,3
kerusakan,3
kesepahaman,3
hidalgo,3
teluk,3
tematik,3
freiburg,3
frustrasi,3
resminya,3
mainnya,3
maju,3
budaya,3
revisi,3
riau,3
tapp,3
high,3
hijau,3
baker,3
ricky,3
brent,3
brentford,3
furste,3
fy,3
madueke,3
riset,3
rivalnya,3
road,3
lupa,3
rony,3
rooney,3
ketemu,3
keterkaitan,3
ketidaknyamanan,3
balasan,3
tap,3
bournemouth,3
lowry,3
luas,3
bps,3
brace,3
brad,3
rotasi,3
rpojk,3
gali,3
gambaran,3
lonjakan,3
rumbiak,3
rute,3
saad,3
bantul,3
taktis,3
ketimbang,3
tambahnya,3
tambak,3
banjarnegara,3
tampaknya,3
tandang,3
sabotase,3
live,3
sales,3
bluvalas,3
tabungan,3
hati,3
batangan,3
batas,3
tadinya,3
tahunya,3
saluran,3
gbc,3
gbk,3
gdx,3
sambung,3
sampaikan,3
sandy,3
generation,3
lifestyle,3
santai,3
santiago,3
sarana,3
support,3
hatta,3
kian,3
kiprah,3
suwidiantoro,3
sarga,3
lewis,3
libur,3
sassulo,3
biru,3
sassuolonews,3
satria,3
savio,3
sayang,3
sayangnya,3
scholes,3
lelang,3
harian,3
kkp,3
batasan,3
batubara,3
bbc,3
suporter,3
biar,3
besutan,3
sederhana,3
berulang,3
sedianya,3
layar,3
germain,3
bertahap,3
bertanggung,3
bca,3
bdkt,3
beber,3
sukses,3
summarecon,3
sumpah,3
kiprahnya,3
sekretariat,3
lari,3
laurent,3
bersangkutan,3
bersikap,3
gigit,3
streaming,3
kmp,3
kompetensi,3
bekal,3
bekas,3
belakangnya,3
belanda,3
belasan,3
suasana,3
gimana,3
giorgi,3
lanjutnya,3
berpeluang,3
berpikir,3
seluas,3
semestinya,3
berminat,3
hadiah,3
halnya,3
komposisi,3
berlayar,3
lahadalia,3
laju,3
sepakat,3
sepertinya,3
sepi,3
kusuma,3
labelnya,3
serius,3
berkarier,3
service,3
kudus,3
kunjungan,3
sesama,3
berinisial,3
berisikan,3
setempat,3
seterusnya,3
konfirmasi,3
srop,3
shayne,3
gregor,3
gresini,3
sheet,3
shifting,3
bergson,3
sibuk,3
koumas,3
kspsi,3
grasberg,3
sinyal,3
soekarno,3
solossa,3
konsumennya,3
sore,3
sosialisasi,3
guler,3
korporasi,3
kosong,3
berencana,3
berfokus,3
situ,3
sk,3
berbagi,3
berbakat,3
kontroversi,3
kontroversial,3
abiel,3
ac,3
achilles,3
yogyakarta,3
diserahkan,3
miliki,3
adaptif,3
iya,3
adil,3
administratif,3
yamaha,3
militer,2
agak,2
without,2
wjk,2
wright,2
wti,2
xavi,2
disebabkan,2
mingguan,2
ditaksir,2
merumput,2
mesti,2
mirzani,2
misi,2
mistar,2
wanita,2
iup,2
skm,2
konten,2
kontinental,2
kontingen,2
kontraknya,2
kontraksi,2
berbalik,2
berbau,2
small,2
smith,2
smp,2
soalnya,2
zayed,2
zhejiang,2
access,2
accreditation,2
konsumsi,2
berambisi,2
berangkat,2
sontang,2
sopa,2
spalletti,2
benefit,2
berdaya,2
berdialog,2
berdiri,2
berdua,2
bereaksi,2
berekspansi,2
sip,2
siswa,2
skala,2
siak,2
siang,2
berganda,2
berganti,2
bergengsi,2
bergvall,2
sigit,2
silakan,2
simpanan,2
sinigaglia,2
berbuat,2
gudang,2
soemantri,2
gusti,2
gwh,2
konstituen,2
konser,2
gunung,2
gunungkidul,2
sponsor,2
sportskeeda,2
sprint,2
st,2
setoran,2
setra,2
sgd,2
shane,2
gratis,2
groundbreaking,2
kualanamu,2
kuantitas,2
shots,2
sergio,2
berkala,2
kumpulkan,2
kurniasih,2
berhasrat,2
berinvestasi,2
sesungguhnya,2
setengah,2
setia,2
bengkel,2
benjamin,2
beradaptasi,2
spbn,2
kondisinya,2
konflik,2
konsep,2
gomez,2
laksmanaputra,2
laligaeasports,2
laman,2
sepatu,2
berkisar,2
berkolaborasi,2
kurs,2
kwh,2
gnb,2
gnm,2
gohan,2
berkualitas,2
berkurang,2
serangkaian,2
serentak,2
benchmark,2
stam,2
standarnya,2
hall,2
ham,2
komputer,2
step,2
stimulus,2
storage,2
store,2
strapping,2
berlalu,2
berlari,2
berlarut,2
senjata,2
golden,2
bermainnya,2
lamanya,2
lambang,2
lammens,2
lampard,2
lampri,2
lancar,2
landasan,2
bernama,2
semifinal,2
seminggu,2
sempit,2
senantiasa,2
sengaja,2
stakeholder,2
bencana,2
koefisien,2
komisaris,2
beijing,2
bela,2
belakangan,2
sua,2
giorgos,2
giuseppe,2
gizinya,2
lansia,2
lanskap,2
berpartisipasi,2
berpindah,2
selektif,2
selfie,2
semalam,2
bedanya,2
hamid,2
klinik,2
suku,2
sulsel,2
sejatinya,2
berpusat,2
larut,2
latar,2
lautan,2
bersambung,2
bersedia,2
bersifat,2
sela,2
selangkah,2
struktur,2
betapa,2
betis,2
sebentar,2
seberat,2
bertransaksi,2
bertugas,2
lawannya,2
leader,2
leaders,2
gesekan,2
segmen,2
berstatus,2
subisidi,2
substansi,2
bbca,2
bbri,2
klbf,2
batch,2
bawaan,2
bayan,2
bayer,2
sebagainya,2
sebal,2
sebanding,2
giallorossi,2
lebar,2
lee,2
leeds,2
lega,2
legendaris,2
beserta,2
best,2
sayuran,2
scaloni,2
scott,2
leluasa,2
lemhannas,2
lending,2
lengkapnya,2
sctv,2
se,2
sea,2
bianconeri,2
harimau,2
harry,2
kirim,2
kirinya,2
kitty,2
hektare,2
kickoff,2
kiki,2
kiloliter,2
susun,2
suzuki,2
swasembada,2
sarapan,2
sartika,2
letnan,2
lewandowski,2
gelaran,2
bima,2
bin,2
bina,2
biomassa,2
sambutan,2
bisnisnya,2
bkpm,2
bloomberg,2
blues,2
gerai,2
gerak,2
lightning,2
ligue,2
lille,2
sapi,2
saputera,2
supply,2
surakarta,2
hazza,2
health,2
ketujuh,2
keuangannya,2
khamis,2
khoirul,2
hasan,2
barros,2
basah,2
tahapan,2
body,2
bohong,2
gawangnya,2
gbp,2
gelanggang,2
link,2
lipat,2
listyo,2
banjir,2
ketar,2
boulevard,2
sabah,2
sadar,2
gantung,2
garis,2
lm,2
sadio,2
sah,2
saint,2
saksikan,2
sakti,2
blusaving,2
ta,2
bareskrim,2
rudal,2
ruf,2
longsor,2
galatasaray,2
gambas,2
rumputnya,2
rutinitas,2
bonusnya,2
booking,2
bos,2
banyaknya,2
heppell,2
ketiganya,2
ketinggalan,2
ketir,2
bangun,2
ketersediaan,2
ball,2
tangga,2
tangguh,2
tangkap,2
tangki,2
tanker,2
tapia,2
rossoneri,2
box,2
lowongan,2
lugas,2
luka,2
bradford,2
brand,2
royale,2
rinciannya,2
ring,2
robert,2
robot,2
luput,2
lxii,2
ma,2
maarten,2
macan,2
macrosentra,2
rolfes,2
romano,2
ronald,2
ketawa,2
keterbukaan,2
keterlibatan,2
tas,2
taspen,2
hilal,2
hilgers,2
hilux,2
baiknya,2
bakom,2
balai,2
tawaran,2
riedel,2
rinci,2
fungsional,2
brilian,2
brms,2
brodjonegoro,2
brv,2
mahar,2
mahasiswa,2
maintenance,2
makanya,2
maknyuss,2
fraksi,2
budgeting,2
budhin,2
budidaya,2
reuni,2
revo,2
ribet,2
ribut,2
tar,2
tardi,2
targetnya,2
kesal,2
kesehatannya,2
hidayat,2
tekankan,2
tel,2
rekam,2
rekannya,2
frank,2
friderica,2
fs,2
fsp,2
malaya,2
rekrut,2
rekrutmen,2
rela,2
bryan,2
bupati,2
manager,2
mandat,2
mandek,2
mane,2
manfaatnya,2
mangkrak,2
mangkraknya,2
regulasinya,2
reguler,2
bukit,2
tctp,2
tebakan,2
baguna,2
bahasa,2
teguran,2
awards,2
terakhirnya,2
kepadatan,2
kepemilikan,2
kepemudaan,2
rasvit,2
ratulangi,2
rawamangun,2
rea,2
bulutangkis,2
formula,2
fortuna,2
manila,2
manurung,2
buntu,2
bunuh,2
terbakar,2
terbangun,2
terbanyak,2
terbarukan,2
terbebani,2
terbendung,2
canizares,2
ramon,2
rampung,2
raphinha,2
rapuh,2
follow,2
rapuhnya,2
bus,2
bab,2
keributan,2
putus,2
ragu,2
rahmat,2
rai,2
mas,2
masela,2
finansial,2
raih,2
raker,2
raksasa,2
ramdan,2
keperluan,2
kepindahannya,2
keputusannya,2
terampil,2
terancam,2
terberat,2
terburuk,2
tercantum,2
athletic,2
atlit,2
aud,2
purabaya,2
fitri,2
masuknya,2
matching,2
matematika,2
ferran,2
cantik,2
cari,2
carragher,2
putranya,2
pulen,2
pulga,2
pulih,2
feyenoord,2
mathys,2
maulidya,2
catalan,2
catur,2
cave,2
cederanya,2
punggung,2
pungkas,2
hormat,2
hotel,2
kepa,2
kepadaku,2
felix,2
fenomena,2
prosesi,2
prosesinya,2
proyeksi,2
celah,2
mayawati,2
medianya,2
mees,2
cemas,2
cempaka,2
ceplas,2
ceplos,2
cerdas,2
prudent,2
ptk,2
terencana,2
terganggu,2
tergantikan,2
kemnaker,2
kemudahan,2
kencang,2
kendalanya,2
terhubung,2
terikat,2
terjadinya,2
profit,2
mehmeti,2
melacak,2
melaksanakan,2
feet,2
fei,2
prediktabilitas,2
press,2
prestasinya,2
pribadi,2
prinsip,2
problem,2
cesc,2
melampaui,2
melebihi,2
profesi,2
terjatuh,2
hulu,2
human,2
kemenhub,2
terkecil,2
audit,2
kemampuannya,2
kemasukan,2
terlindungi,2
terminal,2
ternyata,2
terobosan,2
terobsesi,2
melepaskan,2
meletakkan,2
melewati,2
melihatnya,2
fatal,2
pradana,2
praktek,2
praktis,2
pre,2
memanas,2
memandang,2
memanggil,2
memantau,2
citra,2
clemens,2
federico,2
feedstock,2
mellifera,2
memadukan,2
postecoglou,2
power,2
ppra,2
iak,2
idamannya,2
keluarkan,2
terpantau,2
terpasang,2
kelangsungan,2
kelanjutan,2
kelayakan,2
kelihatan,2
kelok,2
hunian,2
terpuruk,2
tersaji,2
tersebar,2
tersendat,2
point,2
pokoknya,2
polis,2
memaksa,2
player,2
plk,2
memaparkan,2
memasang,2
mematuhi,2
membaca,2
fadilah,2
fahd,2
cnbc,2
coin,2
cold,2
pln,2
pms,2
pohon,2
terorganisir,2
terpadu,2
kekhawatiran,2
arp,2
arya,2
asam,2
tertib,2
tertutup,2
ikhsan,2
concern,2
pikiran,2
pilipus,2
fakta,2
farhan,2
fashion,2
membalikkan,2
pintar,2
plan,2
membuatku,2
corp,2
corporations,2
costa,2
countries,2
pesisir,2
ex,2
fabio,2
membebankan,2
pfii,2
commodity,2
tersenyum,2
identitas,2
igor,2
ihj,2
kekayaan,2
keinginan,2
teruskan,2
terutang,2
terzolimi,2
tes,2
texas,2
thamrin,2
thasya,2
araujo,2
kecolongan,2
pertanggungan,2
pertengahan,2
perum,2
perusahaannya,2
pesanan,2
memberinya,2
cupang,2
curang,2
personel,2
perspektif,2
perta,2
pertahanannya,2
espart,2
espn,2
etf,2
etihad,2
euforia,2
cr,2
cristian,2
cs,2
iklan,2
ikon,2
arbeloa,2
ariantho,2
arn,2
thomas,2
apik,2
apis,2
perpisahan,2
memelototi,2
memenanginya,2
memicu,2
memikirkan,2
memikul,2
persahabatan,2
persepsi,2
persia,2
persis,2
danatara,2
darat,2
permasalahan,2
es,2
eselon,2
eskalasi,2
memohon,2
memorandum,2
dagang,2
perorangan,2
kecuali,2
kedapatan,2
kedatangan,2
keekonomian,2
keenam,2
iii,2
memuji,2
deco,2
pereli,2
performance,2
performanya,2
pergi,2
darmawansyah,2
memperbaiki,2
memperingatkan,2
memperjuangkan,2
memperkenalkan,2
memperketat,2
memperlakukan,2
memperlihatkan,2
perizinan,2
perkotaan,2
aqidi,2
tielemans,2
ilmu,2
ilyas,2
imbuh,2
imbuhnya,2
imc,2
kecantikan,2
keadaannya,2
percakapan,2
percobaan,2
perdebatan,2
en,2
memprihatinkan,2
memproduksi,2
memuat,2
deputi,2
deretan,2
penyegaran,2
penyerapan,2
penyusunan,2
memulihkan,2
memuncaki,2
menakhodai,2
menaklukkan,2
menaksir,2
dekade,2
delay,2
dempo,2
dengannya,2
perbasi,2
apri,2
kebersamaan,2
timeline,2
timpal,2
apapun,2
apartemen,2
tinggalkan,2
tipe,2
tjoe,2
tkl,2
penyangga,2
emasnya,2
embedded,2
emirat,2
denny,2
departemen,2
department,2
diaby,2
penguasaan,2
pengurusan,2
pengusulan,2
penjadwalan,2
penjamin,2
penjuru,2
desentralisasi,2
menara,2
menariknya,2
ekuitas,2
elemen,2
penuhi,2
penunjang,2
kebanggaan,2
keberatan,2
implementasinya,2
imr,2
ina,2
incar,2
kawan,2
kaya,2
anti,2
anton,2
antonius,2
tokcer,2
tolic,2
mencantumkan,2
mencopot,2
mencukupi,2
mendapatkannya,2
diabet,2
dialog,2
diambilnya,2
eido,2
ekonom,2
ekspektasi,2
mendatar,2
pengetatan,2
penggalian,2
penggawa,2
pengguna,2
penghasil,2
menatap,2
tkr,2
tks,2
tms,2
antar,2
katalis,2
imf,2
imi,2
tradisi,2
trail,2
transaksinya,2
transfer,2
transit,2
kapabilitas,2
pengawasannya,2
pengejaran,2
mendes,2
mendeteksi,2
diadukan,2
diajarkan,2
diajukan,2
eberechi,2
edisi,2
edwin,2
efisien,2
menempati,2
diatribusikan,2
diawali,2
dibagi,2
dibanderol,2
dibanding,2
penerbitan,2
penertiban,2
pengamanan,2
tolong,2
trade,2
ange,2
transportasi,2
treatment,2
trey,2
andri,2
aneh,2
mengajak,2
mengajarkan,2
mengakses,2
mengalihkan,2
pendaftaran,2
pendahulunya,2
pendalaman,2
pendiam,2
pendiri,2
penekanan,2
dianulir,2
dibayar,2
dibayarin,2
duo,2
mengalokasikan,2
mengamati,2
menganalisis,2
mengancam,2
dibenahi,2
pencairan,2
penciptaan,2
pencopotan,2
mengaitkan,2
induknya,2
karat,2
karenanya,2
transmall,2
kantong,2
kantoran,2
anam,2
ancang,2
mengantisipasi,2
mengantongi,2
mengawali,2
penambang,2
penampilannya,2
penampungan,2
penanaman,2
penantian,2
penari,2
penasaran,2
dibantu,2
dibayangi,2
turnover,2
amanah,2
ammn,2
pembuka,2
pemeliharaan,2
dtr,2
dubravka,2
mengelak,2
pemimpin,2
pemohon,2
truk,2
informatif,2
inginkan,2
inisial,2
kanjuruhan,2
kantah,2
diberlakukan,2
mengenal,2
mengerahkan,2
mengerjakan,2
mengerti,2
dibiarin,2
dibiasakan,2
dibobol,2
insan,2
inspirasi,2
kamar,2
kampiun,2
kanak,2
tudingan,2
tugasnya,2
tumpuan,2
pelanggannya,2
pelayaran,2
pelemahan,2
pelikan,2
pelita,2
pelota,2
menggandeng,2
mengganti,2
doubt,2
dow,2
drastis,2
menggarap,2
dicantumkan,2
dicocokkan,2
dicuri,2
diberhentikan,2
ucapan,2
kaki,2
kakinya,2
kalibaru,2
kalista,2
udara,2
allianz,2
alur,2
pedrosa,2
peer,2
menghargai,2
menghindari,2
menghormati,2
mengimplementasikan,2
didasarkan,2
didominasi,2
pasca,2
pascakebakaran,2
pasir,2
dihelat,2
diimbangi,2
mengincar,2
menginspirasi,2
mengirim,2
patuh,2
pbk,2
pbsi,2
diganti,2
digembleng,2
tutupnya,2
twin,2
two,2
dijalani,2
dijamu,2
dikarenakan,2
dikartu,2
pantas,2
pantura,2
panutan,2
doa,2
dody,2
mengonfirmasi,2
mengonversi,2
mengoper,2
parks,2
pas,2
pasal,2
pasaribu,2
insyaallah,2
integrasi,2
intens,2
kacau,2
kadang,2
kadungan,2
ular,2
umumnya,2
understanding,2
alberto,2
alejandro,2
mengunci,2
mengundang,2
mengunggah,2
mengungguli,2
divisi,2
diuji,2
diulangi,2
pahlawan,2
diwujudkan,2
diyakini,2
dizolimi,2
djausal,2
djp,2
mengusung,2
pangeran,2
pangkat,2
mengoreksi,2
mengukir,2
alva,2
amalia,2
instruksi,2
juni,2
instalasi,2
insting,2
akuisisi,2
akumulasi,2
alami,2
up,2
padalarang,2
padat,2
menimpali,2
menindaklanjuti,2
meningkatnya,2
menipiskan,2
menjaganya,2
menjajaki,2
menjajal,2
dikonfirmasi,2
dikonversi,2
dikumpulkan,2
dilakukannya,2
otomatis,2
otomotif,2
diumumkan,2
diundang,2
menjangkau,2
menjawab,2
overview,2
owen,2
dikemas,2
ungkapnya,2
uni,2
judol,2
investment,2
jpy,2
urutan,2
usd,2
akademik,2
akar,2
akpom,2
usianya,2
usulan,2
valero,2
ole,2
omar,2
optimalkan,2
menolak,2
menopang,2
menstabilkan,2
velodrome,2
venezia,2
ventura,2
dimana,2
dimasukkan,2
diminati,2
nutri,2
ditugaskan,2
ditunda,2
nyoni,2
officio,2
dilepaskan,2
upah,2
intermediate,2
internet,2
inti,2
nikmati,2
nira,2
noni,2
norwich,2
menumbuhkan,2
menunda,2
notice,2
nottingham,2
number,2
valverde,2
vazquez,2
jl,2
joe,2
jones,2
ahmadi,2
ajakan,2
neroverdi,2
ngambek,2
ngarang,2
ngasih,2
ngelamun,2
ngomong,2
dinas,2
dinihari,2
diomande,2
ngoyo,2
ngumoha,2
ngurah,2
niagaboga,2
nicolo,2
diterapkan,2
menyalurkan,2
victoria,2
viktor,2
jenjang,2
jerman,2
jesus,2
jimmy,2
jis,2
agen,2
agn,2
vita,2
dipenuhi,2
nawaf,2
menyeimbangkan,2
menyentuh,2
menyertakan,2
neraca,2
menyulitkan,2
menyumbang,2
diplomasi,2
mvp,2
mwp,2
nafan,2
diperintah,2
diperoleh,2
diperparah,2
menyimpan,2
menyoal,2
ditandai,2
nasdaq,2
dipanggil,2
dipasarkan,2
victor,2
issue,2
jelaskan,2
vrs,2
vts,2
wajah,2
waktunya,2
walaupun,2
wamenkeu,2
mulia,2
mulyadi,2
munculnya,2
mushait,2
diperuntukkan,2
dipikirkan,2
dipimpin,2
ditempa,2
mohamed,2
mohammed,2
monza,2
moritz,2
dipungkiri,2
merangsek,2
merapikan,2
diragukan,2
direalisasikan,2
direfund,2
direksi,2
msci,2
mugello,2
mukarromah,2
jayapura,2
iriawan,2
iuran,2
jati,2
jatuh,2
jaya,2
waterer,2
wawancara,2
wellfarm,2
wenas,2
whole,2
mitchell,2
mky,2
merenung,2
direshuffle,2
dirjen,2
dirombak,2
dirumorkan,2
zulkifli,2
millwall,2
mewakili,2
meyakinkannya,2
mh,2
mihan,2
mikir,2
mikro,2
diselenggarakan,2
dirut,2
disampaikannya,2
disclaimer,2
wijaya,2
jangkauan,2
janji,2
afif,2
aceh,2
acosta,2
diservisnya,2
disidangkan,2
disimpan,2
milisi,2
ade,2
zielinski,2
zubimendi,2
adeyemi,2
adhang,2
aditya,2
administrator,2
adria,2
youtube,2
aaa,2
abang,1
abdulelah,1
abdullah,1
abel,1
abha,1
abimanyu,1
absorber,1
zaragoza,1
zarete,1
ze,1
zebra,1
izinnya,1
izinkan,1
jalannya,1
jalankan,1
jalani,1
jakut,1
jaktim,1
jaksel,1
jakmania,1
jagung,1
zorrilla,1
zim,1
zhestkova,1
adarabioyo,1
adaptasi,1
yahya,1
minimum,1
mini,1
diselamatkan,1
disayangkan,1
disapu,1
disalurkan,1
disalahkan,1
disembunyikan,1
diselundupkan,1
diseleksi,1
milannews,1
mice,1
miami,1
metropolitano,1
minatnya,1
milos,1
mobilnya,1
mobilitas,1
mobilisit,1
mitigasi,1
mission,1
misbakhun,1
misalnya,1
metrologi,1
meter,1
ditambang,1
ditahan,1
disusun,1
disusul,1
mirai,1
mirae,1
mir,1
direkturat,1
distress,1
distilasi,1
disoroti,1
disorot,1
diskusi,1
meroket,1
merino,1
mergim,1
merestui,1
merestrukturisasi,1
meresmikan,1
merepresentasikan,1
merengues,1
mochammad,1
mochamad,1
movistar,1
moussa,1
mountain,1
mount,1
motorku,1
mota,1
moscardo,1
morente,1
momot,1
momok,1
dirt,1
direvitalisasi,1
direstrukturisasi,1
direspons,1
direnovasi,1
direncanakan,1
dirasa,1
dipungut,1
merenggangkan,1
meremehkan,1
merembet,1
mereda,1
merebak,1
merealisasikan,1
merayakan,1
meraup,1
merata,1
merapat,1
merangkai,1
merampungkan,1
meramaikan,1
merajut,1
murah,1
muntah,1
municipal,1
mundur,1
mulus,1
multiplier,1
multievet,1
multievent,1
mulanya,1
mukhamad,1
muka,1
mujaid,1
direkrut,1
direkayasa,1
diredam,1
direbutnya,1
ditekankan,1
ditegaskan,1
ditawarkan,1
ditawari,1
dipinang,1
dipikul,1
dipetik,1
dipertentangkan,1
mutlak,1
mutakhir,1
muscle,1
musafir,1
murtopo,1
murphy,1
murni,1
murakami,1
nala,1
nabung,1
mz,1
dipta,1
dipromosikan,1
diproduksi,1
dipinjamkan,1
meraihnya,1
meracik,1
menyusuri,1
menyusui,1
menyukseskan,1
menyukainya,1
menyosialisasikan,1
ditembak,1
ditelepon,1
menyetopnya,1
menyetarakan,1
narita,1
nao,1
nanya,1
nangis,1
nandi,1
dipertandingkan,1
dipersyaratkan,1
diperpanjang,1
diperluas,1
diperketat,1
diperkenalkan,1
diperintahkan,1
nana,1
nambah,1
dipegang,1
dipasang,1
dipaksakan,1
dipajang,1
dipadati,1
nasibmu,1
nasi,1
ditata,1
ditariknya,1
ditanggung,1
menyita,1
menyingkirkan,1
menyimpulkan,1
menyimak,1
menyikapinya,1
menyiarkan,1
nepal,1
nena,1
nemanja,1
menyeret,1
menyerap,1
menyerah,1
menyentuhnya,1
menyempit,1
menyembunyikannya,1
menyembunyikan,1
menyelesaikannya,1
menyelamatkan,1
menyatukan,1
nawal,1
national,1
dipercepat,1
ditenggarai,1
ditempatkan,1
nikel,1
nik,1
dinominasikan,1
dinobatkan,1
dinner,1
dinanti,1
dinaikkan,1
dimungkinkan,1
dimulainya,1
dimodifikasi,1
nge,1
new,1
netral,1
neto,1
norwegia,1
nonfinancial,1
nominal,1
noegroho,1
nm,1
ningbo,1
menyarankan,1
menyangkut,1
menyambar,1
menyamai,1
menyalurkannya,1
ditinggalkan,1
ditindaklanjuti,1
diterimanya,1
diterbitkannya,1
diterbitkan,1
ntt,1
ntp,1
ntm,1
nozzle,1
nostalgia,1
menyaksikan,1
menyakitkan,1
menyabet,1
menuturkan,1
menusuk,1
menunjuk,1
menunjang,1
menunggangi,1
menundukkan,1
menumpas,1
menular,1
ditujukan,1
ditopang,1
nunez,1
dimitar,1
dimentahkan,1
dimengerti,1
dimenangi,1
dimanfaatkan,1
dimaksudkan,1
dimaksud,1
dimaksimalkan,1
dimaknai,1
nugroho,1
nugraha,1
nueva,1
nu,1
oddschecker,1
obligation,1
obligasi,1
ob,1
nyonya,1
menua,1
menu,1
mentok,1
mentereng,1
mentas,1
mentalnya,1
dituntut,1
ditunjang,1
ditunggu,1
ditumbangkan,1
ditulis,1
dilewatkan,1
dilengkapi,1
dilempar,1
dilelang,1
dilayani,1
dilatih,1
dilaporkan,1
dilanjut,1
dilanggar,1
dilalui,1
okezone,1
ogah,1
offshore,1
official,1
off,1
odegaard,1
dikirim,1
dikhawatirkan,1
oratmangoen,1
optimis,1
optimalisasi,1
opta,1
operator,1
open,1
onfire,1
omongannya,1
olympiacos,1
oloknya,1
olmo,1
oliver,1
olimpico,1
olehpurbayayudhisadewa,1
dikurangi,1
dikunjungi,1
dikukuhkan,1
dikuasai,1
dikritik,1
dikonsolidasikan,1
mentalitas,1
mensuplai,1
mensesneg,1
menontonnya,1
menonton,1
menolaknya,1
menkop,1
menjunjung,1
menjemput,1
menjembatani,1
outflow,1
ouattara,1
menjaring,1
menjamin,1
menjalankannya,1
diva,1
diusulkan,1
diusir,1
diungkapkan,1
diunggulkan,1
diunggah,1
diundangkan,1
ototnya,1
otonomi,1
oscar,1
orient,1
dikerahkan,1
dikendalikannya,1
dikenai,1
dikejar,1
dikecualikan,1
dikebut,1
dikawal,1
dikatakan,1
dikasi,1
pad,1
pacuan,1
pacu,1
ozan,1
owner,1
overheating,1
outlet,1
pamekasan,1
paltformnya,1
pakistan,1
pakar,1
pakaian,1
pajero,1
pagar,1
menjagokan,1
menitnya,1
meninjau,1
menimpa,1
meniliki,1
menilik,1
padukan,1
padang,1
dikerjakan,1
pangkalan,1
pangestu,1
panel,1
pandangannya,1
pandangan,1
mengutarakan,1
mengutamakan,1
mengusut,1
mengurus,1
dmitrovic,1
djordje,1
djiwandono,1
diwarnai,1
diwakili,1
pandang,1
pamelingan,1
mengurai,1
mengunjungi,1
mengungkapkannya,1
mengumbar,1
mengukuhkan,1
mengubahnya,1
mengoreksinya,1
mengorbankan,1
mengoperasikan,1
diinventarisasi,1
diingatkan,1
diincar,1
pantai,1
panrb,1
panjangnya,1
pangsa,1
partisipasi,1
mengontrol,1
mengombinasikan,1
mengolok,1
mengobati,1
donnarumma,1
dong,1
dominant,1
domestic,1
dolberg,1
dokumentasi,1
dodi,1
parah,1
parachute,1
dijagokan,1
diisukan,1
menginjakkan,1
patrick,1
pathe,1
passing,1
pass,1
pasoknya,1
diidam,1
dihukum,1
dihina,1
dihasilkan,1
diharuskan,1
dihargai,1
dihantam,1
pasif,1
partner,1
partisipasinya,1
payah,1
pau,1
patriot,1
patrik,1
dna,1
mengkoordinasikan,1
mengklaim,1
mengkhawatirkan,1
mengizinkan,1
mengisolasi,1
mengisi,1
menginventarisasi,1
mengintip,1
mengintimidasi,1
mengintegrasikannya,1
mengintegrasikan,1
pegang,1
digit,1
digilir,1
digger,1
digarap,1
digantikansuahasil,1
diganggu,1
digadang,1
digabungkan,1
dievaluasi,1
dievakuasi,1
pedri,1
pedoman,1
pecinta,1
peak,1
pbp,1
didekati,1
didata,1
pelaksana,1
mengidentifikasi,1
menghubunginya,1
menghina,1
menghimpun,1
menghentikannya,1
mengharuskan,1
mengharumkan,1
menghapus,1
menghantam,1
menghanguskan,1
menghalanginya,1
pelajaran,1
peka,1
pemandangan,1
pemanasannya,1
pemanasan,1
pelindungan,1
pelengkap,1
pelayan,1
pelatnas,1
pelatihnya,1
pelatihan,1
pelanggarannya,1
pelaksanaannya,1
diekspor,1
die,1
didistribusikan,1
didiagnosis,1
didepak,1
diciptakan,1
dicicil,1
dicatatkan,1
dicatat,1
dicapai,1
dicairkan,1
menghabiskan,1
menggenggam,1
menggantikannya,1
draw,1
draf,1
dpp,1
douglas,1
door,1
dicabut,1
dibutuhkannya,1
pemberantasan,1
pembeliannya,1
pembekalan,1
pembeda,1
pembebasan,1
pembawaan,1
pembakaran,1
pembacaan,1
pematangan,1
pemasukan,1
pemasok,1
pemasangan,1
pemaparannya,1
pemanggilan,1
pemandu,1
dicoret,1
pembicaraan,1
pemberlakuan,1
dibungkus,1
diboyong,1
dibongkar,1
menggali,1
menggalang,1
mengevakuasi,1
mengeser,1
mengesahkan,1
mengerucutkan,1
mengerikan,1
mengembangkannya,1
diberitakan,1
dibereskan,1
pemberitaan,1
peminjam,1
pemilik,1
pemilih,1
pemilahan,1
pemicunya,1
pemicu,1
mengemas,1
mengelabui,1
dudanya,1
duberry,1
duardi,1
dspo,1
dry,1
driver,1
dreams,1
pembuangan,1
mengecewakan,1
mengecek,1
mengecam,1
mengaturnya,1
mengasah,1
mengapit,1
menganulir,1
mengantre,1
mengantar,1
mengangkut,1
menganggur,1
penahapan,1
pemutus,1
pemuncak,1
pemuda,1
pemodal,1
dibenarkan,1
dibebankan,1
dibebani,1
dibayarkan,1
mengalir,1
dylan,1
dykes,1
dwipuji,1
dukung,1
dukuh,1
duhail,1
duh,1
dibantah,1
dibangunnya,1
penalty,1
drawing,1
duet,1
mengakselerasi,1
mengakibatkan,1
mengagumi,1
mengabaikan,1
meneteri,1
menetap,1
menerjemahkan,1
menerangkan,1
pencari,1
pencabutan,1
penayangan,1
penawaran,1
penataan,1
diberangkatkan,1
dibentuk,1
menepisnya,1
menepi,1
effort,1
effect,1
edward,1
edon,1
edaran,1
economic,1
ebitda,1
diare,1
penelusuran,1
penegasan,1
penegak,1
pendukungnya,1
pendayagunaan,1
pencopotannya,1
pengawalan,1
pengatur,1
pengangkutan,1
penganggaran,1
pengambilalihan,1
pengamat,1
pengadministrasian,1
pengadaan,1
peng,1
penerbit,1
penerangannya,1
dibaca,1
diaz,1
diawasi,1
diaspora,1
diario,1
diangkat,1
diamini,1
diamanatkan,1
dialihkan,1
menemaninya,1
menemani,1
meneleponnya,1
menelepon,1
menebusnya,1
menebus,1
menebak,1
mendunia,1
mendulang,1
menduga,1
mendistribusikan,1
pengecut,1
pengetahuan,1
pengertian,1
mendengar,1
mendekatkan,1
mendekat,1
mendekam,1
eksklusif,1
ekkelenkamp,1
eka,1
eisa,1
egeli,1
pengenalan,1
pengenaan,1
pengen,1
pengembangannya,1
pengelolaannya,1
developer,1
mendanai,1
mendalami,1
mendalam,1
mencurigakan,1
mencuri,1
mencoret,1
mencontohkan,1
mencabut,1
menaungi,1
penghubung,1
penghormatan,1
penghentian,1
penghasilan,1
penggunaannya,1
penggerak,1
desinfeksi,1
desiana,1
desas,1
pentas,1
penopang,1
penjelasan,1
penjatuhan,1
penilaian,1
pengurangan,1
penguraian,1
pengungkapan,1
pengumumannya,1
diablo,1
diabaikan,1
dewiyanti,1
dewasa,1
detiknews,1
desus,1
destry,1
destiny,1
destinasinya,1
desmosedici,1
elkan,1
electric,1
elcherealmadrid,1
elandry,1
eksposur,1
eksportir,1
eksplosif,1
eksperimen,1
ekspektasinya,1
menata,1
menantang,1
menangkap,1
menangis,1
menanduknya,1
menanduk,1
menandemkan,1
menandakan,1
employment,1
emosional,1
emosinya,1
emosi,1
emoji,1
penyama,1
penunjukannya,1
penunjangnya,1
penunggang,1
penyesuaian,1
penyertaan,1
penyerangnya,1
penyerangan,1
penyembuhan,1
penyelidik,1
penyelesaiannya,1
penyelarasan,1
penyelamat,1
penyeimbang,1
desainnya,1
dermawan,1
derivatif,1
dengerin,1
penyebabnya,1
menanti,1
demo,1
dehidrasi,1
perairan,1
perabotan,1
email,1
elok,1
menanamkan,1
menampung,1
menambal,1
menaati,1
memungut,1
memuncak,1
pep,1
penyisiran,1
penyimpangan,1
penyidikannya,1
davy,1
davis,1
peredam,1
perebutan,1
perdagangannya,1
percontohan,1
percepat,1
perburuan,1
perbedaannya,1
perbatasan,1
perayaan,1
perasaan,1
perang,1
peralatan,1
dengar,1
demonstrasi,1
definitif,1
declan,1
debutnya,1
debutku,1
debutan,1
debit,1
memudar,1
memprioritaskan,1
environmental,1
enterprise,1
entahlah,1
entah,1
english,1
engineering,1
dean,1
deadline,1
perilaku,1
periksa,1
perhotelan,1
perhiasan,1
dave,1
dasi,1
darul,1
darmabakti,1
darlow,1
dark,1
darinya,1
daring,1
perhelatan,1
pergudangan,1
pergeseran,1
perempatfinal,1
perkuat,1
perkembangannya,1
perkaranya,1
perjanjian,1
perjalanannya,1
perizinannya,1
perintahkan,1
emw,1
mempertahankanya,1
memperkuatnya,1
memperkokoh,1
memperkaya,1
memperjuangkannya,1
mempererat,1
mempercayakan,1
perintah,1
permanen,1
perlunya,1
perluas,1
perlombakannya,1
perlombaanya,1
perlombaan,1
dapetin,1
dann,1
daniel,1
dani,1
dampingi,1
damayanti,1
damai,1
perlihatkan,1
perlawanan,1
perlahan,1
dah,1
dagangannya,1
daerahnya,1
dada,1
custody,1
perniagaan,1
memotong,1
memoles,1
memodifikasi,1
meminjamnya,1
esg,1
ernesto,1
erlina,1
eral,1
equipe,1
equestrian,1
persembahkan,1
persaingannya,1
meminimalkan,1
meminimalisir,1
memindahkan,1
meminatinya,1
memfasilitasi,1
memesan,1
memerintahkan,1
memenuhisyarat,1
memburu,1
membuktikannya,1
perpindahan,1
perpaduan,1
dairy,1
daily,1
curi,1
curhat,1
cunha,1
cuitan,1
cuit,1
cucurella,1
cuci,1
cubarsi,1
cuan,1
cuaca,1
persnya,1
persita,1
persisnya,1
persipura,1
persimpangan,1
persiapannya,1
crossing,1
creator,1
crash,1
cozier,1
covid,1
pertaminasulawesi,1
membujuknya,1
membujuk,1
eur,1
etis,1
etika,1
estafet,1
estadio,1
esposito,1
pertahan,1
personil,1
memberikannya,1
membereskan,1
membentur,1
pesiar,1
pesawat,1
pesawaran,1
pesan,1
perumusan,1
perumus,1
pertunjukan,1
pertolongan,1
pertentangan,1
pertempuran,1
pertanyaanku,1
cruzeiro,1
cruijff,1
pesimisme,1
counterbalance,1
couldridge,1
corpora,1
corak,1
cope,1
copa,1
membuang,1
memboyong,1
membocorkan,1
membicarakan,1
membesut,1
membersihkan,1
memberitahukan,1
memberitahu,1
memberiku,1
pgas,1
pewarta,1
petualangan,1
petr,1
membenahi,1
membebani,1
membayangi,1
fabrizio,1
fabian,1
extremis,1
evening,1
evakuasi,1
membantunya,1
membantai,1
peterborough,1
petandingan,1
pilkades,1
pilihlah,1
pilih,1
pikirkan,1
content,1
cong,1
compliment,1
compare,1
commuter,1
community,1
pidana,1
philogene,1
philippe,1
phase,1
pgn,1
pgeo,1
piotr,1
pionir,1
pio,1
pink,1
pindahkan,1
pinang,1
membangkitkan,1
membanggakan,1
membandingkan,1
membaktikan,1
membakar,1
farmer,1
fantastis,1
fans,1
faktor,1
fajar,1
coaching,1
cny,1
cnn,1
fair,1
fadillah,1
factory,1
fabrizioromano,1
membahayakan,1
membagikan,1
membagi,1
mematangkan,1
memarahi,1
cms,1
plant,1
pkp,1
pires,1
cipayung,1
poolnya,1
pompa,1
politik,1
polisi,1
polesan,1
pole,1
pokja,1
poa,1
png,1
pmi,1
plus,1
cole,1
cocok,1
coco,1
coal,1
cloud,1
clasico,1
clarke,1
ciss,1
cisarua,1
ciranni,1
memantaunya,1
memangkas,1
memanggilnya,1
memandangi,1
memalukan,1
memakan,1
memajukan,1
memainkannya,1
memainka,1
memagari,1
posko,1
position,1
posch,1
melulu,1
meluas,1
meluapkan,1
melontarkan,1
meloloskan,1
meliputi,1
feeding,1
febriana,1
fatari,1
porto,1
port,1
pop,1
cloudone,1
prakoso,1
praha,1
pr,1
fast,1
faso,1
melimpah,1
melibas,1
melewatkan,1
melenggang,1
melemparkan,1
melemahnya,1
pptr,1
ppnbm,1
ppn,1
posturnya,1
possession,1
cina,1
cifit,1
cicilannya,1
chust,1
chubu,1
chuba,1
christopher,1
christo,1
christiana,1
christian,1
chris,1
chiqui,1
childs,1
prediksi,1
pramusim,1
pramuka,1
feri,1
ferencvaros,1
ferdinand,1
chain,1
cetak,1
production,1
proaktif,1
prioritasnya,1
priok,1
principality,1
prihatin,1
prihandiko,1
pribadinya,1
presidenprabowosubianto,1
presentasikan,1
prerogratif,1
produktivitasnya,1
chf,1
cheng,1
check,1
chat,1
charging,1
channel,1
melbourne,1
melayani,1
melawat,1
melaporkannya,1
melaporkan,1
melanggar,1
fermin,1
fermentasi,1
ferm,1
prosedural,1
property,1
properti,1
promosi,1
proklamasi,1
progresi,1
fenerbahce,1
feeling,1
melakoni,1
mekanismenya,1
mejan,1
meilysa,1
profiling,1
profil,1
profesionalnya,1
profesionalisme,1
megalos,1
meet,1
medis,1
medico,1
medan,1
meazza,1
mcconnell,1
mcateer,1
mbg,1
mbeumo,1
ceko,1
cek,1
pruden,1
protes,1
protect,1
prospek,1
cashback,1
cash,1
puluh,1
pulomas,1
pujian,1
pudyanto,1
pucuk,1
puasa,1
ptpn,1
psv,1
pso,1
prudensial,1
cerah,1
cepeda,1
ceo,1
megawatt,1
cech,1
cazorla,1
caving,1
catatkan,1
cat,1
maulana,1
matraman,1
mathew,1
matheus,1
finance,1
finalisasinya,1
fin,1
filosofi,1
filipina,1
cast,1
cashflow,1
carlo,1
cardiff,1
capex,1
capek,1
puspitasari,1
materi,1
mataram,1
massa,1
flare,1
fix,1
fit,1
fisiotherapy,1
fisioterapis,1
pupuk,1
puncaknya,1
cegah,1
raharja,1
ragnar,1
rafiq,1
radek,1
radar,1
quilindschy,1
qualifier,1
quadriceps,1
qscert,1
qms,1
qatar,1
pvml,1
putuskan,1
putro,1
putar,1
carry,1
cacat,1
rama,1
rakabuming,1
raka,1
fisiknya,1
fisika,1
first,1
fire,1
fintech,1
mason,1
maskot,1
masifnya,1
masak,1
maruarar,1
martim,1
marten,1
fleet,1
rapi,1
rapatkan,1
rancang,1
rame,1
cancel,1
campur,1
camello,1
calvin,1
calon,1
calafiori,1
cakupan,1
cairnduff,1
cahaya,1
caesario,1
cad,1
rasio,1
cabrera,1
cabor,1
butarque,1
marko,1
marketing,1
maritim,1
mariners,1
maresca,1
marcos,1
followers,1
flow,1
florian,1
florentino,1
flemming,1
fleetwood,1
forzasasol,1
bumi,1
bumbu,1
redknapp,1
rebwfry,1
rebound,1
realmadrid,1
reaktivasi,1
reading,1
rczh,1
rayovallecano,1
rayoespanyol,1
ray,1
ratu,1
ratiu,1
ratanya,1
referee,1
redondo,1
buru,1
burpee,1
burnley,1
burkina,1
bunga,1
maraton,1
mapi,1
manyar,1
manusia,1
manufacturing,1
mantap,1
fouz,1
four,1
founder,1
bukayo,1
budiman,1
rehabilitasi,1
regulator,1
form,1
forest,1
mandi,1
mandalika,1
manapun,1
manajernya,1
manage,1
mamut,1
registrasi,1
regas,1
refleksi,1
referensi,1
renewable,1
reload,1
reliability,1
relay,1
malaysiam,1
malaka,1
ft,1
frosinone,1
frimpong,1
friendlies,1
fransiskus,1
francesco,1
france,1
rejection,1
bulk,1
bulega,1
buahnya,1
maksudnya,1
makmur,1
makasih,1
makanan,1
majukan,1
mainstream,1
mail,1
mahal,1
buah,1
resitusi,1
reputasi,1
representasi,1
report,1
rentetan,1
renovasi,1
bren,1
rights,1
right,1
rifkianto,1
riding,1
ricuh,1
riccardo,1
reward,1
revivo,1
returns,1
restrukturisasi,1
budiharto,1
buddy,1
bubur,1
buba,1
buatnya,1
bromwich,1
brocic,1
broad,1
brian,1
maguwoharjo,1
maganghub,1
magalhaes,1
mafia,1
madya,1
gadang,1
fuyo,1
futures,1
furlong,1
full,1
fuel,1
madrasah,1
rodrigues,1
rodrigo,1
roda,1
robertus,1
robekan,1
robbie,1
roaming,1
rmab,1
rizky,1
riverside,1
rivalry,1
ritel,1
risk,1
ringgit,1
brugge,1
brotherhood,1
ronde,1
romy,1
romeo,1
romeny,1
rolling,1
role,1
maddison,1
macet,1
macemnya,1
macarthur,1
macam,1
lyndon,1
lutut,1
lurusnya,1
lunges,1
roger,1
bratislava,1
brandt,1
brahmana,1
lumpur,1
lumayan,1
lukic,1
luke,1
luiz,1
luis,1
luciano,1
lubricants,1
luasnya,1
luasan,1
lqyirb,1
boushal,1
rose,1
runner,1
rumit,1
ruly,1
lopez,1
longsoran,1
gampang,1
gambar,1
gama,1
galad,1
gala,1
gagalkan,1
loh,1
logikanya,1
rudy,1
roy,1
roster,1
sachs,1
sabar,1
saatnya,1
botak,1
borussen,1
bormao,1
bonny,1
boniface,1
bomber,1
bolong,1
bolivia,1
boldriders,1
ryan,1
rw,1
rutin,1
rupanya,1
sahabatnya,1
safety,1
saddick,1
logic,1
loeb,1
lobi,1
gastel,1
gastech,1
gaspol,1
garudamiles,1
garansi,1
ganti,1
lleva,1
ljubisa,1
literasi,1
sachsenring,1
salmon,1
bodo,1
bocah,1
bobotnya,1
bobol,1
bn,1
bmri,1
blunder,1
saldo,1
sal,1
saksi,1
sakit,1
saka,1
sajikan,1
sahut,1
sahamnya,1
sandang,1
samu,1
blueprint,1
blok,1
bk,1
samdarshi,1
sambungan,1
lisandro,1
lisan,1
gelang,1
gedungn,1
gede,1
gdxj,1
lingkup,1
samanya,1
salzburg,1
saran,1
sapuan,1
sape,1
sapaan,1
santunan,1
santi,1
lingkungannya,1
lincoln,1
lihatlah,1
lightrocket,1
lift,1
gerbang,1
gerainya,1
genre,1
genggam,1
sangare,1
biografi,1
binalavotas,1
bild,1
genap,1
gempar,1
gemilang,1
gema,1
libya,1
liburanmu,1
liberti,1
liabilitas,1
leyton,1
levski,1
levante,1
sarankan,1
sarang,1
lejeune,1
leipzig,1
scoring,1
scmp,1
schmeichel,1
schick,1
sbn,1
sayap,1
say,1
sawah,1
saves,1
satupun,1
satelit,1
sassuolous,1
biro,1
bionik,1
sebastian,1
sebaliknya,1
season,1
bia,1
beton,1
sdm,1
sda,1
lepas,1
leny,1
lens,1
lenovo,1
lenggang,1
lengang,1
lengah,1
lembar,1
lelah,1
sebetulnya,1
berwenang,1
bervariasi,1
sebelah,1
sebatas,1
legasi,1
legal,1
leg,1
leandro,1
giat,1
giaoumakis,1
gianyar,1
gianluigi,1
gialloblu,1
giakoumakis,1
sebatang,1
lawatan,1
segar,1
segakanya,1
sedkit,1
sedini,1
sedikitnya,1
sedih,1
berujung,1
bertolak,1
bertiup,1
bertipe,1
bertindak,1
berterima,1
berteman,1
bertaring,1
secretary,1
bersubsidi,1
berstandar,1
berspekulasi,1
berskala,1
bersinergi,1
seharga,1
segini,1
gi,1
geypens,1
gett,1
german,1
gerindra,1
gerbong,1
lead,1
lazio,1
lazaro,1
sekurang,1
sekulic,1
sektornya,1
seksi,1
sekitarnya,1
sekian,1
sejujurnya,1
sejenisnya,1
sejenak,1
sejajar,1
seimbang,1
sehubungan,1
bertanya,1
bertambahnya,1
bertajuk,1
bersyukur,1
berseragam,1
bersarang,1
bersandi,1
lavia,1
latihannya,1
latensi,1
laskar,1
lask,1
lariani,1
laporta,1
laporannya,1
lapangannya,1
lap,1
lanthh,1
bersamanya,1
bersalah,1
berpengalaman,1
berpendapat,1
berpedoman,1
lankshear,1
lanjuti,1
langkahnya,1
gmt,1
gloukh,1
glimt,1
gila,1
berpanjang,1
berpangku,1
selection,1
selecci,1
selaras,1
sekuritas,1
semen,1
semburnya,1
sembako,1
semasa,1
semaksimal,1
selurus,1
seluruhnya,1
selundupkan,1
seluk,1
self,1
selesaikan,1
selengkapnya,1
berposisi,1
berperan,1
berpenghasilan,1
berpengaruh,1
bernafsu,1
bernabeu,1
bermula,1
bermakna,1
gigi,1
giggs,1
langka,1
langit,1
langganan,1
lampu,1
lambung,1
lambatnya,1
lambat,1
bermai,1
berlu,1
semesta,1
sentiment,1
senne,1
sengit,1
berlokasi,1
berlebihan,1
berlapis,1
berlantai,1
berlangjut,1
berlangganan,1
berlakunya,1
senesi,1
sendar,1
semulus,1
berniat,1
bernaung,1
bernaneu,1
sepuluh,1
separuh,1
sepakbolanya,1
sepadan,1
seojk,1
sentuh,1
sentimeter,1
lalai,1
laku,1
lakban,1
lahir,1
gp,1
gonzalo,1
gonzalez,1
golkar,1
goldman,1
berkontak,1
berkomunikasi,1
berkompromi,1
berkompetisi,1
godenzonen,1
lagipula,1
ladeni,1
ladang,1
lacey,1
laboratorium,1
label,1
kyoto,1
kwp,1
berkepanjangan,1
berkelas,1
seputar,1
sertifikat,1
berkekuatan,1
berkeadilan,1
berkata,1
berkapasitas,1
berkali,1
berkaca,1
berjumlah,1
berjarak,1
berjanji,1
series,1
serena,1
seremoni,1
serbuk,1
berlabuh,1
berkurangnya,1
sesak,1
kurniawan,1
kurangnya,1
kurangi,1
kur,1
kupikir,1
kunyit,1
kunjung,1
kuning,1
kumamoto,1
kulit,1
kukuh,1
kubu,1
sesaat,1
servis,1
services,1
sharing,1
shanghai,1
shakhtar,1
seusia,1
seusai,1
seumur,1
setuju,1
setop,1
setibanya,1
setianingrum,1
setapak,1
setahuns,1
berisiko,1
berhati,1
berharga,1
sesekali,1
shock,1
shipping,1
shield,1
sheringham,1
sheffield,1
shea,1
kuala,1
ktm,1
kssk,1
ground,1
grigsby,1
gresik,1
greet,1
greaves,1
gray,1
gravel,1
kotorannya,1
kotoran,1
sikap,1
signal,1
sigid,1
sigap,1
sifatnya,1
siddik,1
berguna,1
berguling,1
bergizi,1
bergeser,1
bergantung,1
berfungsi,1
siapkan,1
shot,1
simbolon,1
simakan,1
silih,1
siklusnya,1
siklus,1
grafik,1
ksop,1
krusial,1
kronologis,1
kronologi,1
krisis,1
kri,1
kreatif,1
kramat,1
kpu,1
kpm,1
korner,1
koreksi,1
kopi,1
guncangan,1
gunanya,1
guling,1
guiseppe,1
guimaraes,1
gugup,1
gueye,1
bercanda,1
berburu,1
singkong,1
singkatnya,1
sindonews,1
simon,1
berbahan,1
skoko,1
skill,1
skenario,1
skelly,1
sjamsoeddin,1
size,1
sitaan,1
sisihkan,1
sisakan,1
siro,1
sirait,1
sipil,1
berdomisili,1
kose,1
korporat,1
berbuah,1
berbincang,1
berbelit,1
berbekal,1
berbatov,1
guardiola,1
gu,1
groupama,1
koora,1
kooperatif,1
konversi,1
kontroversinya,1
kontribusinya,1
kontraktual,1
berbakatnya,1
berbahaya,1
solo,1
solidnya,1
soliditas,1
solanke,1
sokoy,1
sofia,1
sofa,1
social,1
snas,1
smelting,1
sme,1
smart,1
slovian,1
slovak,1
slide,1
slavia,1
berangsur,1
beraksi,1
beragamnya,1
konteks,1
kontaknya,1
kontak,1
konstruksi,1
konsolidasi,1
habisan,1
gyokeres,1
gymnasium,1
gym,1
gy,1
gusta,1
solusinya,1
solskjaer,1
spesial,1
spektrum,1
special,1
sparing,1
bepergian,1
bentang,1
bentancur,1
bensinnya,1
benin,1
beneran,1
beneficial,1
sousa,1
sosialnya,1
berasumsi,1
berargumen,1
beranjak,1
sraj,1
squad,1
sporting,1
spontan,1
spirit,1
spesifikasinya,1
guru,1
gunnar,1
konsentrat,1
konsentrasinya,1
konsentrasi,1
konsekuensi,1
konsa,1
kong,1
konfederasi,1
spesifik,1
statistik,1
station,1
standarisasi,1
standardisasi,1
beneamata,1
benda,1
benarbenar,1
benakku,1
ben,1
beluk,1
beltim,1
bellamy,1
belit,1
staff,1
sta,1
srimulyaniindrawati,1
struktural,1
stretch,1
street,1
stok,1
stirpe,1
stefan,1
konate,1
komunikasinya,1
kompromi,1
komponen,1
komplit,1
kompetisinya,1
halt,1
hadirnya,1
hadirin,1
hadapi,1
beleid,1
hadapan,1
had,1
kompak,1
komoditi,1
komit,1
kombo,1
kombinasi,1
kolom,1
kofane,1
koalisi,1
kn,1
klun,1
stuttgart,1
sturge,1
stunting,1
klik,1
kliennya,1
klien,1
sukendar,1
sukabumi,1
sugiyanto,1
sugiarto,1
bebannya,1
beagaimu,1
subur,1
subscription,1
subscribers,1
suasananya,1
suarez,1
suap,1
suadh,1
suma,1
sultan,1
sulitnya,1
sukuk,1
sukma,1
klubnya,1
hanyalah,1
hantam,1
hansen,1
hangzhou,1
hangus,1
hanggodo,1
hanggar,1
handover,1
handball,1
hamil,1
superstar,1
bauza,1
baterai,1
klaassen,1
kishimoto,1
harum,1
hartman,1
harinya,1
harapannya,1
kipre,1
sunter,1
sumit,1
sumbangsih,1
sumbangkan,1
sumbangan,1
sumatera,1
switching,1
swiss,1
sutrisno,1
susukan,1
sustainabilitas,1
susandy,1
susahnya,1
kipernya,1
kim,1
kilometer,1
heboh,1
heaven,1
he,1
hawanya,1
suria,1
suri,1
barnsley,1
baritono,1
barito,1
barisan,1
khas,1
khalid,1
khaleq,1
khaibari,1
keyakinan,1
kewaspadaan,1
kewajibannya,1
kevin,1
keuntunganku,1
keunikan,1
syukur,1
syaratnya,1
talentanya,1
takuti,1
barella,1
baranya,1
bar,1
bappebti,1
bantuin,1
takluk,1
takkan,1
tajamnya,1
tajam,1
tairyk,1
taif,1
tahan,1
bast,1
barratt,1
bangku,1
bangkrut,1
tambalan,1
ketikapurbaya,1
hiariej,1
hgt,1
hgb,1
hery,1
heru,1
hernandez,1
heran,1
hentikan,1
hening,1
hemat,1
talksport,1
talkshow,1
tangannya,1
tangani,1
hellas,1
ketidaksesuaian,1
ketidakhadirannya,1
ketertarikannya,1
keterlambatan,1
keterjangkauan,1
ketergantungan,1
keterbatasan,1
tandukannya,1
tancap,1
tanahnya,1
tan,1
bansosnya,1
bangunkan,1
hikaru,1
tasmania,1
tarian,1
targetkan,1
tanur,1
tantangannya,1
tanjung,1
tanjakan,1
tango,1
tangkinya,1
tanggalnya,1
banderol,1
balsa,1
balita,1
balistik,1
balas,1
tawa,1
balapku,1
balapannya,1
bakti,1
bak,1
bajul,1
kesunyian,1
kesuksesan,1
kesukaan,1
kestabilan,1
kesiapsiagaan,1
keseruan,1
hilir,1
hilangnya,1
hilali,1
hilaili,1
kerugiaan,1
tekanannya,1
tekadnya,1
tegineneng,1
tegaskan,1
baht,1
bahari,1
bahabol,1
bagusnya,1
bagnaia,1
bagikan,1
teddy,1
technical,1
tebar,1
tchouameni,1
tayangan,1
televisi,1
telat,1
tekstil,1
teks,1
teknokrat,1
tekniknya,1
tekel,1
hidrolisis,1
kesenjangan,1
kesempatannya,1
kesehariannya,1
keseharian,1
kesadaran,1
kesabarannya,1
kesabaran,1
kerumunan,1
tenar,1
tenaganya,1
tempur,1
badruddin,1
badminton,1
badai,1
backpass,1
back,1
azwar,1
ayden,1
ayat,1
tembus,1
tembaki,1
tembakannya,1
temannya,1
telusuri,1
aurelien,1
tenggelam,1
kerrap,1
kerkez,1
kerjasama,1
keres,1
kerepotan,1
hnu,1
hmetd,1
hkd,1
hitam,1
hisoni,1
his,1
hinojo,1
hinata,1
tenerh,1
keramik,1
kepresidenan,1
keponet,1
kepergok,1
kepatuhan,1
kepastiannya,1
kepanjangan,1
kepadanya,1
tepis,1
awi,1
awas,1
award,1
awali,1
aviation,1
auto,1
authority,1
terbentuk,1
keok,1
kenyataannya,1
hospitality,1
hormati,1
honohon,1
hong,1
home,1
holgado,1
hoki,1
hoe,1
terbengkalai,1
terbatasnya,1
terbantu,1
terakreditasi,1
kerangka,1
tergarap,1
terekam,1
terdepan,1
augusto,1
audiens,1
attitude,1
attacking,1
atletnya,1
atletik,1
terdaftar,1
tercepat,1
tercecer,1
terburu,1
terbungkus,1
terbitnya,1
terbiasa,1
terisi,1
teridentifikasi,1
terianus,1
terhambat,1
tergolong,1
tergeletak,1
kenichiro,1
kenegaraan,1
kendalikan,1
kendali,1
kenavigasian,1
kenangan,1
kenal,1
kemurnian,1
kemunduran,1
kemensos,1
terjun,1
at,1
asupan,1
asuhannya,1
assistant,1
asset,1
kemenko,1
kemelut,1
hungaria,1
hulunya,1
hujan,1
huijsen,1
hubungkan,1
kembang,1
terjawab,1
terjalin,1
terlayani,1
terlambatnya,1
terlaksananya,1
terkunci,1
terkuat,1
terkoordinasi,1
terkesan,1
terkendala,1
terkenal,1
terkelupas,1
terkejar,1
terkecuali,1
terkawal,1
terkatung,1
terkalahkan,1
terkadang,1
asrama,1
ashley,1
kemas,1
kemanusiaan,1
kemakmuran,1
kemajuan,1
keluarganya,1
ibrahima,1
ibrahim,1
iap,1
ialah,1
iaf,1
terlewati,1
terlepas,1
terlengkap,1
terlelap,1
terpisah,1
terperosok,1
terpercaya,1
terpenuhi,1
terpengaruh,1
terpendam,1
terpaut,1
terpanjang,1
terpanas,1
terpakai,1
termotivasi,1
terlupakan,1
terluka,1
assessment,1
assen,1
assalamualaikum,1
tertantang,1
tersisih,1
tersimpan,1
tersertifikasi,1
terserah,1
tersendiri,1
tersangka,1
hxmdhif,1
hunter,1
kelimanya,1
kelasnya,1
kelangkaan,1
kelalaian,1
kekurangan,1
kekuatanku,1
terpoles,1
aryawan,1
artoto,1
arrizabalaga,1
kekompakan,1
kekhawatirannya,1
kekecewaan,1
ieee,1
idx,1
idrissa,1
idolakan,1
identifikasi,1
idealnya,1
ideal,1
ide,1
arnold,1
tertarik,1
idamkan,1
kejurnas,1
kejebolan,1
kejayaan,1
keharusan,1
ikutan,1
ikonik,1
iklim,1
ikigai,1
ikatan,1
terulangnya,1
teruji,1
tertutupi,1
tertulisnya,1
tertuju,1
tertua,1
arif,1
arconte,1
archie,1
ijo,1
kehabisan,1
keengganan,1
keenamnya,1
kedisiplinan,1
kedelapan,1
kecipratan,1
ararat,1
tevez,1
tete,1
tetapkan,1
terusan,1
terungkap,1
tikungan,1
tiktok,1
tigers,1
aragon,1
aprilia,1
appetite,1
app,1
apinya,1
tiak,1
thuram,1
throws,1
thierry,1
thessaloniki,1
thc,1
armenia,1
arisan,1
ileague,1
kebersihan,1
keberhasilannya,1
kebanyakan,1
kebangkitan,1
kebahagiaan,1
keadilan,1
kecewa,1
kecepatan,1
kebutuhannya,1
kebumen,1
kebohongan,1
imbasnya,1
image,1
ilmuwan,1
timber,1
angkutan,1
toh,1
tnq,1
tmmin,1
tlkm,1
tjo,1
tj,1
tiwa,1
titipkan,1
tipikal,1
tindih,1
aparat,1
anung,1
antusiasme,1
timku,1
ilectra,1
tokyo,1
antm,1
anthony,1
antarsinyal,1
antarnegara,1
kcm,1
kayu,1
kawasanm,1
kawalan,1
kawal,1
kawakan,1
incaran,1
improve,1
impresif,1
impian,1
antarbagian,1
angeles,1
trading,1
trabzonspor,1
towr,1
tour,1
totttenham,1
tosin,1
toru,1
torres,1
torehan,1
tongkat,1
tonggak,1
tom,1
tolok,1
tolak,1
tol,1
anggito,1
anggarannya,1
anggap,1
angga,1
impact,1
imigrasi,1
katung,1
katodat,1
katoda,1
kato,1
katakan,1
kasta,1
kasper,1
kasihan,1
karl,1
angelo,1
traore,1
transmisi,1
karibnya,1
karib,1
karakteristik,1
inefisiensi,1
industrial,1
indika,1
independen,1
transhipment,1
transfernya,1
tragedi,1
traffic,1
angkut,1
angker,1
angin,1
trio,1
trimegah,1
tribune,1
tribuna,1
aneka,1
andrey,1
andrew,1
andres,1
andrei,1
andhora,1
andal,1
andaikan,1
andai,1
trent,1
trengginas,1
traveler,1
amri,1
tti,1
tsygankov,1
tsusho,1
tsk,1
kansnya,1
kane,1
kandungannya,1
kandungan,1
inigo,1
informal,1
info,1
inflow,1
tsitaishvili,1
trisula,1
trip,1
tukarnya,1
tubuhnya,1
kandangnya,1
kamrussamad,1
kamera,1
kamboja,1
instagramnya,1
inspektur,1
inspektorat,1
innovation,1
inkracht,1
tualang,1
ancaman,1
anarkis,1
analyst,1
analis,1
tzolis,1
twp,1
america,1
ambassador,1
ambang,1
amat,1
amario,1
amarah,1
amankan,1
amanat,1
turki,1
tuntutan,1
tunjukkan,1
tunggal,1
tumpang,1
tumbler,1
ueno,1
udogie,1
ama,1
alokasi,1
allessya,1
all,1
alisson,1
inkonsisten,1
injourney,1
kalung,1
kalender,1
kalangan,1
kalahnya,1
kaitannya,1
kai,1
uangnya,1
ujung,1
ujian,1
uji,1
uilliam,1
kado,1
kadispora,1
kadar,1
kabin,1
kabel,1
intensi,1
intelijen,1
intechsea,1
intan,1
ui,1
uhr,1
uer,1
unirama,1
unhas,1
ali,1
alex,1
alessandro,1
albint,1
albiceleste,1
alat,1
underwriting,1
unai,1
una,1
umur,1
ultra,1
ulet,1
ukur,1
ukmto,1
akwiland,1
akurat,1
aktual,1
aksinya,1
untui,1
juve,1
jurrien,1
junica,1
jumpa,1
jump,1
julyanto,1
julienne,1
juliantono,1
julian,1
juergen,1
universitas,1
urgensi,1
update,1
jubir,1
juaranya,1
jualnya,1
jualan,1
jr,1
invi,1
investasinya,1
interoperabilitas,1
interferensi,1
intensitasnya,1
upcoming,1
upayanya,1
untungnya,1
alamat,1
velg,1
vehicle,1
vasilie,1
variatif,1
valera,1
valentino,1
valente,1
valas,1
vaart,1
uy,1
uud,1
usiran,1
akreditasi,1
akomodasi,1
akankah,1
akademisi,1
aji,1
ajar,1
ajak,1
airport,1
ai,1
ahmad,1
jornada,1
joko,1
joint,1
johor,1
johan,1
joaomota,1
joanna,1
jjls,1
jj,1
jitu,1
villarreal,1
villar,1
viking,1
viii,1
views,1
viettel,1
vieira,1
vidic,1
victory,1
vhf,1
vessel,1
versi,1
verona,1
verdonk,1
venture,1
ajukan,1
ah,1
aguero,1
aguado,1
agribisnis,1
agreement,1
age,1
jiran,1
jimny,1
jilid,1
jiaxing,1
jhonson,1
jesslyne,1
jersey,1
jeremie,1
jeremejeff,1
jempolan,1
volatilitas,1
jembatan,1
jeli,1
isp,1
ismawan,1
isinya,1
irvan,1
irawan,1
iot,1
jeblok,1
jean,1
vokasi,1
vojvoda,1
vlepo,1
vitek,1
visa,1
wanderers,1
wamenkum,1
wamendag,1
walton,1
wall,1
walking,1
walikota,1
walau,1
wajar,1
wahyu,1
wacana,1
wabarakatuh,1
vr,1
voucher,1
volumenya,1
voli,1
warisi,1
warisan,1
javi,1
jatah,1
jasshen,1
ixcrt,1
ivan,1
itv,1
it,1
isyarat,1
istimewanya,1
jason,1
waris,1
warganya,1
warahmatullahi,1
wapres,1
aek,1
adzic,1
aduk,1
wijayanto,1
wijanarko,1
wifi,1
widyasari,1
widodo,1
why,1
wfr,1
week,1
wea,1
we,1
wayan,1
warriors,1
warm,1
after,1
afp,1
afaseleccionen,1
jas,1
janjikan,1
janeiro,1
janda,1
jamie,1
jadul,1
jadikan,1
jacobo,1
jacob,1
jack,1
jabodetabek,1
jaap,1
afa,1
yah,1
wwfc,1
write,1
worth,1
wonderkid,1
wolves,1
wolverhampton,1
wn,1
wiyanto,1
wita,1
wisma,1
wisatawan,1
winger,1
will,1
wilayahnya,1
against,1
zg,1
abankwah,1
zak,1
yunani,1
yulia,1
yuli,1
yuk,1
yudha,1
yaudahlah,1
yaudah,1
yansyah,1
yansen,1
yann,1
yan,1
yamakita,1
adelguer,1
miliknya,1
disinggung,1
disiarkan,1
diserap,1
diserang,1
abdoul,1
youri,1
young,1
yoro,1
yoan,1
acuan,1
achadie,1
accessories,1
yen,1
year,1
zhegrova,1
